n,skel,names,ids,Tb,hv,hvC,hvAVG,hvT298C,hvTC,hv_std_refs,hvT_C298,hvT_C_refs,Tb_val,urls,hvOnlyNA,calor
4,"InChI=1S/C4H10/c1-4(2)3/h4H,1-3H3",Isobutane,C75285,True,True,False,False,False,False,"19.99 (N/A; Majer and Svoboda, 1985)",,,262. ± 2.,https://webbook.nist.gov/cgi/cbook.cgi?ID=C75285&Mask=4,True,False
4,"InChI=1S/C4H10/c1-3-4-2/h3-4H2,1-2H3",Butane,C106978,True,True,False,False,False,False,"22.4 (N/A; Reid, 1972)",,,273. ± 1.,https://webbook.nist.gov/cgi/cbook.cgi?ID=C106978&Mask=4,True,False
5,"InChI=1S/C5H12/c1-4-5(2)3/h5H,4H2,1-3H3","Butane, 2-methyl-",C78784,True,True,True,False,False,False,"25.22 (N/A; Majer and Svoboda, 1985) | 24.8 (N/A; Reid, 1972) | 24.8 ± 0.1 (V; Scott, McCullough, et al., 1951) | 25.0 (C; Schumann, Aston, et al., 1942, 2)",,,301.1 ± 0.2,https://webbook.nist.gov/cgi/cbook.cgi?ID=C78784&Mask=4,False,True
5,"InChI=1S/C5H12/c1-3-5-4-2/h3-5H2,1-2H3",Pentane,C109660,True,True,False,True,False,False,26.5 ± 0.6 (AVG; N/A),,,309.2 ± 0.2,https://webbook.nist.gov/cgi/cbook.cgi?ID=C109660&Mask=4,False,False
5,"InChI=1S/C5H12/c1-5(2,3)4/h1-4H3",Neopentane,C463821,True,True,True,False,False,False,"22.39 (N/A; Majer and Svoboda, 1985) | 21.8 (C; Hossenlopp and Scott, 1981) | 21.85 (N/A; Reid, 1972) | 22.4 ± 0.59 (V; Good, 1970)",,,282.6 ± 0.5,https://webbook.nist.gov/cgi/cbook.cgi?ID=C463821&Mask=4,False,True
6,"InChI=1S/C6H14/c1-5(2)6(3)4/h5-6H,1-4H3","Butane, 2,3-dimethyl-",C79298,True,True,True,False,False,True,"29.33 (N/A; Majer and Svoboda, 1985) | 29.1 (N/A; Reid, 1972) | 29.12 (C; Osborne and Ginnings, 1947)",,"Lemons and Felsing, 1943 | Waddington, Smith, et al., 1949",331.2 ± 0.2,https://webbook.nist.gov/cgi/cbook.cgi?ID=C79298&Mask=4,False,True
6,"InChI=1S/C6H14/c1-4-5-6(2)3/h6H,4-5H2,1-3H3","Pentane, 2-methyl-",C107835,True,True,False,True,False,True,29. ± 4. (AVG; N/A),,"Lemons and Felsing, 1943 | Waddington, Smith, et al., 1949",334. ± 1.,https://webbook.nist.gov/cgi/cbook.cgi?ID=C107835&Mask=4,False,False
6,"InChI=1S/C6H14/c1-4-6(3)5-2/h6H,4-5H2,1-3H3","Pentane, 3-methyl-",C96140,True,True,False,True,False,True,30.3 ± 0.2 (AVG; N/A),,"Majer, Svoboda, et al., 1979 | Waddington, Smith, et al., 1949",336.4 ± 0.4,https://webbook.nist.gov/cgi/cbook.cgi?ID=C96140&Mask=4,False,False
6,"InChI=1S/C6H14/c1-5-6(2,3)4/h5H2,1-4H3","Butane, 2,2-dimethyl-",C75832,True,True,True,False,False,True,"27.93 (N/A; Majer and Svoboda, 1985) | 27.7 (N/A; Reid, 1972) | 27.68 (C; Osborne and Ginnings, 1947)",,"Waddington and Douslin, 1947",322.9 ± 0.1,https://webbook.nist.gov/cgi/cbook.cgi?ID=C75832&Mask=4,False,True
6,"InChI=1S/C6H14/c1-3-5-6-4-2/h3-6H2,1-2H3",n-Hexane,C110543,True,True,False,True,False,True,31. ± 1. (AVG; N/A),,"Lemons and Felsing, 1943 | Majer, Svoboda, et al., 1979 | Waddington and Douslin, 1947 | Wormald and Yerlett, 1985",341.9 ± 0.3,https://webbook.nist.gov/cgi/cbook.cgi?ID=C110543&Mask=4,False,False
7,"InChI=1S/C7H16/c1-3-5-7-6-4-2/h3-7H2,1-2H3",Heptane,C142825,True,True,False,True,False,True,36. ± 3. (AVG; N/A),,"Majer, Svoboda, et al., 1979 | Pitzer K.S., 1940 | Waddington, Todd, et al., 1947",371.5 ± 0.3,https://webbook.nist.gov/cgi/cbook.cgi?ID=C142825&Mask=4,False,False
7,"InChI=1S/C7H16/c1-4-5-6-7(2)3/h7H,4-6H2,1-3H3","Hexane, 2-methyl-",C591764,True,True,True,False,False,True,"34.98 (N/A; Majer and Svoboda, 1985) | 34.9 ± 0.1 (C; Majer, Svoboda, et al., 1979) | 34.8 (N/A; Reid, 1972) | 34.8 (N/A; Huffman, Gross, et al., 1961)",,"Majer, Svoboda, et al., 1979",363.2 ± 0.5,https://webbook.nist.gov/cgi/cbook.cgi?ID=C591764&Mask=4,False,True
7,"InChI=1S/C7H16/c1-6(2)5-7(3)4/h6-7H,5H2,1-4H3","Pentane, 2,4-dimethyl-",C108087,True,True,True,False,False,True,"33.02 (N/A; Majer and Svoboda, 1985) | 32.7 ± 0.1 (C; Svoboda, 1998) | 32.9 ± 0.1 (C; Osborne and Ginnings, 1947) | 32.88 (C; Osborne and Ginnings, 1947, 2)",,"Svoboda, 1998",353.7 ± 0.3,https://webbook.nist.gov/cgi/cbook.cgi?ID=C108087&Mask=4,False,True
7,"InChI=1S/C7H16/c1-5-6-7(2,3)4/h5-6H2,1-4H3","Pentane, 2,2-dimethyl-",C590352,True,True,True,False,False,True,"32.56 (N/A; Majer and Svoboda, 1985) | 32.4 ± 0.1 (C; Svoboda, 1998) | 32.4 ± 0.1 (C; Osborne and Ginnings, 1947) | 32.2 ± 0.1 (C; Osborne and Ginnings, 1947) | 32.42 (C; Osborne and Ginnings, 1947, 2)",,"Svoboda, 1998",352.3 ± 0.3,https://webbook.nist.gov/cgi/cbook.cgi?ID=C590352&Mask=4,False,True
7,"InChI=1S/C7H16/c1-5-7(4)6(2)3/h6-7H,5H2,1-4H3","Pentane, 2,3-dimethyl- / pentane, 2,3-dimethyl-, (R)- / (S)-2,3-dimethylpentane",C565593 C54665462 C7485452,True,True,True,False,False,True,"34.3 ± 0.1 (C; Majer, Svoboda, et al., 1979) | 34.2 ± 0.1 (C; Osborne and Ginnings, 1947) | 34.23 (C; Osborne and Ginnings, 1947, 2)",,"Majer, Svoboda, et al., 1979",362.9 ± 0.3,https://webbook.nist.gov/cgi/cbook.cgi?ID=C565593&Mask=4 https://webbook.nist.gov/cgi/cbook.cgi?ID=C54665462&Mask=4 https://webbook.nist.gov/cgi/cbook.cgi?ID=C7485452&Mask=4,False,True
7,"InChI=1S/C7H16/c1-4-6-7(3)5-2/h7H,4-6H2,1-3H3","Hexane, 3-methyl- / (S)-(+)-3-methylhexane",C589344 C6131244,True,True,True,False,False,True,"35.16 (N/A; Majer and Svoboda, 1985) | 35.1 ± 0.1 (C; Majer, Svoboda, et al., 1979) | 35.1 (N/A; Reid, 1972)",,"Majer, Svoboda, et al., 1979",365.0 ± 0.3,https://webbook.nist.gov/cgi/cbook.cgi?ID=C589344&Mask=4 https://webbook.nist.gov/cgi/cbook.cgi?ID=C6131244&Mask=4,False,True
7,"InChI=1S/C7H16/c1-5-7(3,4)6-2/h5-6H2,1-4H3","Pentane, 3,3-dimethyl-",C562492,True,True,True,False,False,False,"33.15 (N/A; Majer and Svoboda, 1985) | 33.0 ± 0.1 (C; Hossenlopp and Scott, 1981) | 33.0 (N/A; Reid, 1972) | 33.0 ± 0.1 (C; Osborne and Ginnings, 1947) | 33.02 (C; Osborne and Ginnings, 1947, 2)",,,359.2 ± 0.2,https://webbook.nist.gov/cgi/cbook.cgi?ID=C562492&Mask=4,False,True
7,"InChI=1S/C7H16/c1-6(2)7(3,4)5/h6H,1-5H3","Butane, 2,2,3-trimethyl-",C464062,True,True,True,False,False,True,"32.19 (N/A; Majer and Svoboda, 1985) | 32. (N/A; Reid, 1972) | 32.04 (C; Osborne and Ginnings, 1947)",,"Waddington, Todd, et al., 1947",354.1 ± 0.2,https://webbook.nist.gov/cgi/cbook.cgi?ID=C464062&Mask=4,False,True
7,"InChI=1S/C7H16/c1-4-7(5-2)6-3/h7H,4-6H2,1-3H3","Pentane, 3-ethyl-",C617787,True,True,True,False,False,True,"35.32 (N/A; Majer and Svoboda, 1985) | 35.1 ± 0.1 (C; Svoboda, 1998) | 35.2 (N/A; Reid, 1972) | 35.2 ± 0.1 (C; Osborne and Ginnings, 1947) | 35.22 (C; Osborne and Ginnings, 1947, 2)",,"Svoboda, 1998",366.6 ± 0.2,https://webbook.nist.gov/cgi/cbook.cgi?ID=C617787&Mask=4,False,True
8,"InChI=1S/C8H18/c1-7(2)6-8(3,4)5/h7H,6H2,1-5H3","Pentane, 2,2,4-trimethyl-",C540841,True,True,False,True,False,True,35.1 ± 0.2 (AVG; N/A),,"Majer, Svoboda, et al., 1979 | Pitzer K.S., 1940 | Svoboda, Charvátová, et al., 1982",372.4 ± 0.2,https://webbook.nist.gov/cgi/cbook.cgi?ID=C540841&Mask=4,False,False
8,"InChI=1S/C8H18/c1-4-5-6-7-8(2)3/h8H,4-7H2,1-3H3","Heptane, 2-methyl-",C592278,True,True,False,True,False,True,39. ± 5. (AVG; N/A),,"Majer, Svoboda, et al., 1979",390.7 ± 0.8,https://webbook.nist.gov/cgi/cbook.cgi?ID=C592278&Mask=4,False,False
8,"InChI=1S/C8H18/c1-4-6-7-8(3)5-2/h8H,4-7H2,1-3H3","Heptane, 3-methyl- / (S)-3-methylheptane",C589811 C6131255,True,True,True,False,False,False,"39.88 (N/A; Majer and Svoboda, 1985) | 39.8 ± 0.2 (C; An, Hu, et al., 1987) | 39.8 (N/A; Reid, 1972) | 39.8 ± 0.1 (C; Osborne and Ginnings, 1947) | 39.83 (C; Osborne and Ginnings, 1947, 2)",,,392. ± 1.,https://webbook.nist.gov/cgi/cbook.cgi?ID=C589811&Mask=4 https://webbook.nist.gov/cgi/cbook.cgi?ID=C6131255&Mask=4,False,True
8,"InChI=1S/C8H18/c1-6(2)8(5)7(3)4/h6-8H,1-5H3","Pentane, 2,3,4-trimethyl-",C565753,True,True,True,False,False,False,"37.82 (N/A; Majer and Svoboda, 1985) | 37.7 ± 0.1 (C; Hossenlopp and Scott, 1981) | 37.7 (N/A; Reid, 1972) | 37.7 ± 0.1 (C; Osborne and Ginnings, 1947) | 37.70 (C; Osborne and Ginnings, 1947, 2)",,,386.8 ± 0.3,https://webbook.nist.gov/cgi/cbook.cgi?ID=C565753&Mask=4,False,True
8,"InChI=1S/C8H18/c1-4-6-8(3)7-5-2/h8H,4-7H2,1-3H3","Heptane, 4-methyl-",C589537,True,True,False,True,False,True,39. ± 4. (AVG; N/A),,"Majer, Svoboda, et al., 1979",390.9 ± 0.4,https://webbook.nist.gov/cgi/cbook.cgi?ID=C589537&Mask=4,False,False
8,"InChI=1S/C8H18/c1-3-5-7-8-6-4-2/h3-8H2,1-2H3",Octane,C111659,True,True,False,True,False,True,41. ± 4. (AVG; N/A),,"Majer, Svoboda, et al., 1979 | McKay and Sage, 1960",398.7 ± 0.5,https://webbook.nist.gov/cgi/cbook.cgi?ID=C111659&Mask=4,False,False
8,"InChI=1S/C8H18/c1-7(2)5-6-8(3)4/h7-8H,5-6H2,1-4H3","Hexane, 2,5-dimethyl-",C592132,True,True,True,False,False,False,"37.92 (N/A; Majer and Svoboda, 1985) | 37.9 (N/A; Reid, 1972) | 37.9 ± 0.1 (C; Osborne and Ginnings, 1947) | 37.85 (C; Osborne and Ginnings, 1947, 2) | 32.0 (V; Fajans, 1920)",,,382.1 ± 0.9,https://webbook.nist.gov/cgi/cbook.cgi?ID=C592132&Mask=4,False,True
8,"InChI=1S/C8H18/c1-5-6-8(4)7(2)3/h7-8H,5-6H2,1-4H3","Hexane, 2,3-dimethyl-",C584941,True,True,True,False,False,False,"38.83 (N/A; Majer and Svoboda, 1985) | 38.8 (N/A; Reid, 1972) | 38.8 ± 0.1 (C; Osborne and Ginnings, 1947) | 38.79 (C; Osborne and Ginnings, 1947, 2)",,,389. ± 1.,https://webbook.nist.gov/cgi/cbook.cgi?ID=C584941&Mask=4,False,True
8,"InChI=1S/C8H18/c1-5-8(4)6-7(2)3/h7-8H,5-6H2,1-4H3","Hexane, 2,4-dimethyl- / (S)-2,4-dimethylhexane",C589435 C53990980,True,True,True,False,False,False,"37.83 (N/A; Majer and Svoboda, 1985) | 37.8 (N/A; Reid, 1972) | 37.8 ± 0.1 (C; Osborne and Ginnings, 1947) | 37.76 (C; Osborne and Ginnings, 1947, 2)",,,382. ± 2.,https://webbook.nist.gov/cgi/cbook.cgi?ID=C589435&Mask=4 https://webbook.nist.gov/cgi/cbook.cgi?ID=C53990980&Mask=4,False,True
8,"InChI=1S/C8H18/c1-5-7(3)8(4)6-2/h7-8H,5-6H2,1-4H3","Hexane, 3,4-dimethyl- / hexane, 3,4-dimethyl-, (R*,R*)-(.+-.)- / hexane, 3,4-dimethyl-, (R*,S*)-",C583482 C52919172 C52949334,True,True,True,False,False,False,"39.03 (N/A; Majer and Svoboda, 1985) | 39.0 ± 0.1 (C; Osborne and Ginnings, 1947) | 38.97 (C; Osborne and Ginnings, 1947, 2) | 33.0 (V; Fajans, 1920)",,,391. ± 1.,https://webbook.nist.gov/cgi/cbook.cgi?ID=C583482&Mask=4 https://webbook.nist.gov/cgi/cbook.cgi?ID=C52919172&Mask=4 https://webbook.nist.gov/cgi/cbook.cgi?ID=C52949334&Mask=4,False,True
8,"InChI=1S/C8H18/c1-5-6-7-8(2,3)4/h5-7H2,1-4H3","Hexane, 2,2-dimethyl-",C590738,True,True,True,False,False,False,"37.36 (N/A; Majer and Svoboda, 1985) | 37.3 (N/A; Reid, 1972) | 37.3 ± 0.1 (C; Osborne and Ginnings, 1947) | 37.29 (C; Osborne and Ginnings, 1947, 2)",,,380.0 ± 0.3,https://webbook.nist.gov/cgi/cbook.cgi?ID=C590738&Mask=4,False,True
8,"InChI=1S/C8H18/c1-5-7-8(3,4)6-2/h5-7H2,1-4H3","Hexane, 3,3-dimethyl-",C563166,True,True,True,False,False,False,"37.6 (N/A; Majer and Svoboda, 1985) | 37.5 ± 0.1 (C; Osborne and Ginnings, 1947) | 37.53 (C; Osborne and Ginnings, 1947, 2)",,,385.1 ± 0.4,https://webbook.nist.gov/cgi/cbook.cgi?ID=C563166&Mask=4,False,True
8,"InChI=1S/C8H18/c1-6-8(4,5)7(2)3/h7H,6H2,1-5H3","Pentane, 2,3,3-trimethyl-",C560214,True,True,False,True,False,True,37.2 ± 0.5 (AVG; N/A),,"Svoboda, 1998",387.8 ± 0.3,https://webbook.nist.gov/cgi/cbook.cgi?ID=C560214&Mask=4,False,False
8,"InChI=1S/C8H18/c1-5-8(6-2)7(3)4/h7-8H,5-6H2,1-4H3","Pentane, 3-ethyl-2-methyl-",C609267,True,True,True,False,False,False,"38.56 (N/A; Majer and Svoboda, 1985) | 38.5 (N/A; Reid, 1972) | 38.5 ± 0.1 (C; Osborne and Ginnings, 1947) | 38.52 (C; Osborne and Ginnings, 1947, 2)",,,388.8 ± 0.2,https://webbook.nist.gov/cgi/cbook.cgi?ID=C609267&Mask=4,False,True
8,"InChI=1S/C8H18/c1-4-7-8(5-2)6-3/h8H,4-7H2,1-3H3","Hexane, 3-ethyl-",C619998,True,True,True,False,False,False,"39.69 (N/A; Majer and Svoboda, 1985) | 39.7 (N/A; Reid, 1972) | 39.6 ± 0.1 (C; Osborne and Ginnings, 1947) | 39.69 (C; Osborne and Ginnings, 1947, 2) | 33.0 (V; Fajans, 1920)",,,391.7 ± 0.2,https://webbook.nist.gov/cgi/cbook.cgi?ID=C619998&Mask=4,False,True
8,"InChI=1S/C8H18/c1-6-7(2)8(3,4)5/h7H,6H2,1-5H3","Pentane, 2,2,3-trimethyl-",C564023,True,True,True,False,False,False,"36.98 (N/A; Majer and Svoboda, 1985) | 36.91 (C; Osborne and Ginnings, 1947)",,,383.1 ± 0.2,https://webbook.nist.gov/cgi/cbook.cgi?ID=C564023&Mask=4,False,True
8,"InChI=1S/C8H18/c1-5-8(4,6-2)7-3/h5-7H2,1-4H3","Pentane, 3-ethyl-3-methyl-",C1067089,True,True,True,False,False,False,"38.05 (N/A; Majer and Svoboda, 1985) | 38.0 (N/A; Reid, 1972) | 38.0 ± 0.1 (C; Osborne and Ginnings, 1947) | 37.98 (C; Osborne and Ginnings, 1947, 2)",,,391.5 ± 0.3,https://webbook.nist.gov/cgi/cbook.cgi?ID=C1067089&Mask=4,False,True
8,"InChI=1S/C8H18/c1-7(2,3)8(4,5)6/h1-6H3","Butane, 2,2,3,3-tetramethyl-",C594821,True,True,True,False,False,False,"42.94 (N/A; Majer and Svoboda, 1985) | 42.91 (C; Osborne and Ginnings, 1947)",,,379.6 ± 0.5,https://webbook.nist.gov/cgi/cbook.cgi?ID=C594821&Mask=4,False,True
9,"InChI=1S/C9H20/c1-4-5-6-7-8-9(2)3/h9H,4-8H2,1-3H3","Octane, 2-methyl-",C3221612,True,True,False,False,False,False,"44.9 (N/A; Reid, 1972)",,,416.1 ± 0.9,https://webbook.nist.gov/cgi/cbook.cgi?ID=C3221612&Mask=4,True,False
9,"InChI=1S/C9H20/c1-3-5-7-9-8-6-4-2/h3-9H2,1-2H3",Nonane,C111842,True,True,False,True,True,True,46.5 ± 0.2 (AVG; N/A),"46.7 @299. K (Viton, Chavret, et al., 1996)","Majer, Svoboda, et al., 1984 | Viton, Chavret, et al., 1996",423.8 ± 0.3,https://webbook.nist.gov/cgi/cbook.cgi?ID=C111842&Mask=4,False,True
9,"InChI=1S/C9H20/c1-8(2)6-7-9(3,4)5/h8H,6-7H2,1-5H3","Hexane, 2,2,5-trimethyl-",C3522949,True,True,True,False,False,False,"40.21 (N/A; Majer and Svoboda, 1985) | 40.2 (N/A; Reid, 1972) | 40.2 (C; Osborne and Ginnings, 1947) | 40.17 (C; Osborne and Ginnings, 1947, 2)",,,397. ± 2.,https://webbook.nist.gov/cgi/cbook.cgi?ID=C3522949&Mask=4,False,True
9,"InChI=1S/C9H20/c1-4-6-7-8-9(3)5-2/h9H,4-8H2,1-3H3","Octane, 3-methyl-",C2216333,True,True,False,False,False,False,"44.9 (N/A; Reid, 1972)",,,417. ± 1.,https://webbook.nist.gov/cgi/cbook.cgi?ID=C2216333&Mask=4,True,False
9,"InChI=1S/C9H20/c1-4-6-8-9(3)7-5-2/h9H,4-8H2,1-3H3","Octane, 4-methyl-",C2216344,True,True,False,False,False,False,"44.5 (N/A; Reid, 1972)",,,415. ± 1.,https://webbook.nist.gov/cgi/cbook.cgi?ID=C2216344&Mask=4,True,False
9,"InChI=1S/C9H20/c1-5-6-9(4)7-8(2)3/h8-9H,5-7H2,1-4H3","Heptane, 2,4-dimethyl-",C2213232,True,True,False,False,False,False,"42.9 (N/A; Reid, 1972)",,,406. ± 1.,https://webbook.nist.gov/cgi/cbook.cgi?ID=C2213232&Mask=4,True,False
9,"InChI=1S/C9H20/c1-5-6-7-8-9(2,3)4/h5-8H2,1-4H3","Heptane, 2,2-dimethyl-",C1071267,True,True,False,False,False,False,"42.3 (N/A; Reid, 1972)",,,405. ± 3.,https://webbook.nist.gov/cgi/cbook.cgi?ID=C1071267&Mask=4,True,False
9,"InChI=1S/C9H20/c1-8(2,3)7-9(4,5)6/h7H2,1-6H3","Pentane, 2,2,4,4-tetramethyl-",C1070877,True,True,True,False,False,False,"38.55 (N/A; Majer and Svoboda, 1985) | 38.5 ± 0.1 (C; Fuchs, Peacock, et al., 1982) | 38.5 ± 0.3 (C; Fuchs and Peacock, 1979) | 38.5 ± 0.3 (GCC; Fuchs and Peacock, 1979) | 38.2 (N/A; Reid, 1972)",,,395.4 ± 0.7,https://webbook.nist.gov/cgi/cbook.cgi?ID=C1070877&Mask=4,False,True
9,"InChI=1S/C9H20/c1-5-9(6-2,7-3)8-4/h5-8H2,1-4H3","Pentane, 3,3-diethyl-",C1067205,True,True,True,False,False,False,"42.03 (N/A; Majer and Svoboda, 1985) | 42.6 ± 0.3 (C; Fuchs and Peacock, 1979) | 42.6 ± 0.3 (GCC; Fuchs and Peacock, 1979) | 43.6 (N/A; Reid, 1972)",,,419.3 ± 0.4,https://webbook.nist.gov/cgi/cbook.cgi?ID=C1067205&Mask=4,False,True
9,"InChI=1S/C9H20/c1-7(2)6-9(5)8(3)4/h7-9H,6H2,1-5H3","Hexane, 2,3,5-trimethyl-",C1069530,True,True,True,False,False,False,"41.45 (N/A; Majer and Svoboda, 1985) | 41.4 (N/A; Reid, 1972) | 41.4 (C; Osborne and Ginnings, 1947) | 41.42 (C; Osborne and Ginnings, 1947, 2)",,,404. ± 2.,https://webbook.nist.gov/cgi/cbook.cgi?ID=C1069530&Mask=4,False,True
9,"InChI=1S/C9H20/c1-6-8(2)7-9(3,4)5/h8H,6-7H2,1-5H3","Hexane, 2,2,4-trimethyl-",C16747265,True,True,False,False,False,False,"40.7 (N/A; Reid, 1972)",,,399.6 ± 0.4,https://webbook.nist.gov/cgi/cbook.cgi?ID=C16747265&Mask=4,True,False
9,"InChI=1S/C9H20/c1-5-6-7-9(4)8(2)3/h8-9H,5-7H2,1-4H3","Heptane, 2,3-dimethyl-",C3074713,True,True,False,False,False,False,"43.6 (N/A; Reid, 1972)",,,413. ± 2.,https://webbook.nist.gov/cgi/cbook.cgi?ID=C3074713&Mask=4,True,False
9,"InChI=1S/C9H20/c1-5-9(4)7-6-8(2)3/h8-9H,5-7H2,1-4H3","Heptane, 2,5-dimethyl-",C2216300,True,True,False,False,False,False,"43.3 (N/A; Reid, 1972)",,,408. ± 2.,https://webbook.nist.gov/cgi/cbook.cgi?ID=C2216300&Mask=4,True,False
9,"InChI=1S/C9H20/c1-8(2)6-5-7-9(3)4/h8-9H,5-7H2,1-4H3","Heptane, 2,6-dimethyl-",C1072055,True,True,False,False,False,False,"43.3 (N/A; Reid, 1972)",,,408. ± 2.,https://webbook.nist.gov/cgi/cbook.cgi?ID=C1072055&Mask=4,True,False
9,"InChI=1S/C9H20/c1-5-7-8-9(3,4)6-2/h5-8H2,1-4H3","Heptane, 3,3-dimethyl-",C4032864,True,True,False,False,False,False,"42.6 (N/A; Reid, 1972)",,,410. ± 1.,https://webbook.nist.gov/cgi/cbook.cgi?ID=C4032864&Mask=4,True,False
9,"InChI=1S/C9H20/c1-6-7-8(2)9(3,4)5/h8H,6-7H2,1-5H3","Hexane, 2,2,3-trimethyl-",C16747254,True,True,False,False,False,False,"41.7 (N/A; Reid, 1972)",,,407.4,https://webbook.nist.gov/cgi/cbook.cgi?ID=C16747254&Mask=4,True,False
9,"InChI=1S/C9H20/c1-7-9(5,6)8(2,3)4/h7H2,1-6H3","Pentane, 2,2,3,3-tetramethyl-",C7154792,True,True,False,False,False,False,"41.2 (N/A; Reid, 1972)",,,413.42 ± 0.04,https://webbook.nist.gov/cgi/cbook.cgi?ID=C7154792&Mask=4,True,False
9,"InChI=1S/C9H20/c1-4-7-8-9(5-2)6-3/h9H,4-8H2,1-3H3","Heptane, 3-ethyl-",C15869804,True,True,False,False,False,False,"44.5 (N/A; Reid, 1972)",,,416.75,https://webbook.nist.gov/cgi/cbook.cgi?ID=C15869804&Mask=4,True,False
9,"InChI=1S/C9H20/c1-7(2)8(3)9(4,5)6/h7-8H,1-6H3","Pentane, 2,2,3,4-tetramethyl-",C1186534,True,True,False,False,False,False,"40.8 (N/A; Reid, 1972)",,,406.153 ± 0.009,https://webbook.nist.gov/cgi/cbook.cgi?ID=C1186534&Mask=4,True,False
9,"InChI=1S/C9H20/c1-6-9(4,5)7-8(2)3/h8H,6-7H2,1-5H3","Hexane, 2,4,4-trimethyl-",C16747301,True,True,False,False,False,False,"41.1 (N/A; Reid, 1972)",,,404. ± 1.,https://webbook.nist.gov/cgi/cbook.cgi?ID=C16747301&Mask=4,True,False
9,"InChI=1S/C9H20/c1-5-7-9(4)8(3)6-2/h8-9H,5-7H2,1-4H3","Heptane, 3,4-dimethyl-",C922281,True,True,False,False,False,False,"43.6 (N/A; Reid, 1972)",,,413.8,https://webbook.nist.gov/cgi/cbook.cgi?ID=C922281&Mask=4,True,False
9,"InChI=1S/C9H20/c1-4-7-9(6-3)8-5-2/h9H,4-8H2,1-3H3","Heptane, 4-ethyl-",C2216322,True,True,False,False,False,False,"44.1 (N/A; Labbauf, Greenshields, et al., 1961)",,,414.35,https://webbook.nist.gov/cgi/cbook.cgi?ID=C2216322&Mask=4,True,False
9,"InChI=1S/C9H20/c1-6-8(4)9(5)7(2)3/h7-9H,6H2,1-5H3","Hexane, 2,3,4-trimethyl- / (R*,S*)-(.+-.)-2,3,4-trimethylhexane / (R*,R*)-(.+-.)-2,3,4-trimethylhexane",C921471 C52896750 C52896830,True,True,False,False,False,False,"42.7 (N/A; Reid, 1972)",,,412. ± 1.,https://webbook.nist.gov/cgi/cbook.cgi?ID=C921471&Mask=4 https://webbook.nist.gov/cgi/cbook.cgi?ID=C52896750&Mask=4 https://webbook.nist.gov/cgi/cbook.cgi?ID=C52896830&Mask=4,True,False
9,"InChI=1S/C9H20/c1-5-8(3)7-9(4)6-2/h8-9H,5-7H2,1-4H3","Heptane, 3,5-dimethyl-",C926829,True,True,False,False,False,False,"43.3 (N/A; Reid, 1972)",,,409.2,https://webbook.nist.gov/cgi/cbook.cgi?ID=C926829&Mask=4,True,False
9,"InChI=1S/C9H20/c1-5-7-9(3,4)8-6-2/h5-8H2,1-4H3","Heptane, 4,4-dimethyl-",C1068195,True,True,False,False,False,False,"42.2 (N/A; Reid, 1972)",,,408.4,https://webbook.nist.gov/cgi/cbook.cgi?ID=C1068195&Mask=4,True,False
9,"InChI=1S/C9H20/c1-6-7-9(4,5)8(2)3/h8H,6-7H2,1-5H3","Hexane, 2,3,3-trimethyl-",C16747287,True,True,False,False,False,False,"42.1 (N/A; Reid, 1972)",,,410.9,https://webbook.nist.gov/cgi/cbook.cgi?ID=C16747287&Mask=4,True,False
9,"InChI=1S/C9H20/c1-7(2)9(5,6)8(3)4/h7-8H,1-6H3","Pentane, 2,3,3,4-tetramethyl-",C16747389,True,True,False,False,False,False,"41.8 (N/A; Reid, 1972)",,,413. ± 6.,https://webbook.nist.gov/cgi/cbook.cgi?ID=C16747389&Mask=4,True,False
9,"InChI=1S/C9H20/c1-6-8(3)9(4,5)7-2/h8H,6-7H2,1-5H3","Hexane, 3,3,4-trimethyl-",C16747312,True,True,False,False,False,False,"42.2 (N/A; Reid, 1972)",,,413.57,https://webbook.nist.gov/cgi/cbook.cgi?ID=C16747312&Mask=4,True,False
9,"InChI=1S/C9H20/c1-6-9(7(2)3)8(4)5/h7-9H,6H2,1-5H3","Pentane, 3-ethyl-2,4-dimethyl-",C1068877,True,True,False,False,False,False,"42.3 (N/A; Reid, 1972)",,,409.81,https://webbook.nist.gov/cgi/cbook.cgi?ID=C1068877&Mask=4,True,False
9,"InChI=1S/C9H20/c1-6-8(7-2)9(3,4)5/h8H,6-7H2,1-5H3","Pentane, 3-ethyl-2,2-dimethyl-",C16747323,True,True,False,False,False,False,"41.7 (N/A; Reid, 1972)",,,406.96,https://webbook.nist.gov/cgi/cbook.cgi?ID=C16747323&Mask=4,True,False
9,"InChI=1S/C9H20/c1-5-9(6-2)7-8(3)4/h8-9H,5-7H2,1-4H3","Hexane, 4-ethyl-2-methyl-",C3074757,True,True,False,False,False,False,"42.9 (N/A; Labbauf, Greenshields, et al., 1961)",,,406.95,https://webbook.nist.gov/cgi/cbook.cgi?ID=C3074757&Mask=4,True,False
9,"InChI=1S/C9H20/c1-5-8-9(4,6-2)7-3/h5-8H2,1-4H3","Hexane, 3-ethyl-3-methyl-",C3074768,True,True,False,False,False,False,"42.9 (N/A; Labbauf, Greenshields, et al., 1961)",,,413.75,https://webbook.nist.gov/cgi/cbook.cgi?ID=C3074768&Mask=4,True,False
9,"InChI=1S/C9H20/c1-5-7-9(6-2)8(3)4/h8-9H,5-7H2,1-4H3","Hexane, 3-ethyl-2-methyl-",C16789461,True,True,False,False,False,False,"43.2 (N/A; Labbauf, Greenshields, et al., 1961)",,,411.15,https://webbook.nist.gov/cgi/cbook.cgi?ID=C16789461&Mask=4,True,False
9,"InChI=1S/C9H20/c1-5-8(4)9(6-2)7-3/h8-9H,5-7H2,1-4H3","Hexane, 3-ethyl-4-methyl- / d-3-ethyl-4-methylhexane",C3074779 C500006531,True,False,False,False,False,False,,,,413.55,https://webbook.nist.gov/cgi/cbook.cgi?ID=C3074779&Mask=4 https://webbook.nist.gov/cgi/cbook.cgi?ID=C500006531&Mask=4,False,False
9,"InChI=1S/C9H20/c1-6-9(5,7-2)8(3)4/h8H,6-7H2,1-5H3","Pentane, 3-ethyl-2,3-dimethyl-",C16747334,True,True,False,False,False,False,"42.7 (N/A; Reid, 1972)",,,414.75,https://webbook.nist.gov/cgi/cbook.cgi?ID=C16747334&Mask=4,True,False
10,"InChI=1S/C10H22/c1-3-5-7-9-10-8-6-4-2/h3-10H2,1-2H3",Decane,C124185,True,True,False,True,True,True,51.3 ± 0.3 (AVG; N/A),"51.5 @299. K (Viton, Chavret, et al., 1996)","Viton, Chavret, et al., 1996",447.2 ± 0.3,https://webbook.nist.gov/cgi/cbook.cgi?ID=C124185&Mask=4,False,True
10,"InChI=1S/C10H22/c1-4-6-7-8-9-10(3)5-2/h10H,4-9H2,1-3H3","Nonane, 3-methyl-",C5911046,True,True,False,False,False,True,"49.72 (N/A; Majer and Svoboda, 1985) | 50.2 (N/A; Reid, 1972)",,"Majer, Svoboda, et al., 1984",440.9 ± 0.3,https://webbook.nist.gov/cgi/cbook.cgi?ID=C5911046&Mask=4,True,False
10,"InChI=1S/C10H22/c1-4-5-6-7-8-9-10(2)3/h10H,4-9H2,1-3H3","Nonane, 2-methyl-",C871830,True,True,False,False,False,True,"49.64 (N/A; Majer and Svoboda, 1985) | 51.0 (N/A; Reid, 1972)",,"Majer, Svoboda, et al., 1984",440.0,https://webbook.nist.gov/cgi/cbook.cgi?ID=C871830&Mask=4,True,False
10,"InChI=1S/C10H22/c1-4-6-7-9-10(3)8-5-2/h10H,4-9H2,1-3H3","Nonane, 4-methyl-",C17301949,True,True,False,False,False,False,"49.5 (N/A; Labbauf, Greenshields, et al., 1961)",,,440. ± 3.,https://webbook.nist.gov/cgi/cbook.cgi?ID=C17301949&Mask=4,True,False
10,"InChI=1S/C10H22/c1-4-6-8-10(3)9-7-5-2/h10H,4-9H2,1-3H3","Nonane, 5-methyl-",C15869859,True,True,False,False,False,True,"49.35 (N/A; Majer and Svoboda, 1985) | 49.8 (N/A; Reid, 1972)",,"Majer, Svoboda, et al., 1984",438.3,https://webbook.nist.gov/cgi/cbook.cgi?ID=C15869859&Mask=4,True,False
10,"InChI=1S/C10H22/c1-5-10(4)8-6-7-9(2)3/h9-10H,5-8H2,1-4H3","Octane, 2,6-dimethyl-",C2051301,True,True,False,False,False,False,"49.3 (N/A; Reid, 1972)",,,432. ± 1.,https://webbook.nist.gov/cgi/cbook.cgi?ID=C2051301&Mask=4,True,False
10,"InChI=1S/C10H22/c1-5-6-7-8-10(4)9(2)3/h9-10H,5-8H2,1-4H3","Octane, 2,3-dimethyl-",C7146603,True,True,False,False,False,False,"48.1 (N/A; Reid, 1972)",,,437.46,https://webbook.nist.gov/cgi/cbook.cgi?ID=C7146603&Mask=4,True,False
10,"InChI=1S/C10H22/c1-4-7-8-9-10(5-2)6-3/h10H,4-9H2,1-3H3","Octane, 3-ethyl-",C5881174,False,True,False,False,False,False,"49.0 (N/A; Reid, 1972)",,,,https://webbook.nist.gov/cgi/cbook.cgi?ID=C5881174&Mask=4,True,False
10,"InChI=1S/C10H22/c1-5-6-7-8-9-10(2,3)4/h5-9H2,1-4H3","Octane, 2,2-dimethyl-",C15869871,False,True,False,False,False,False,"49.0 (N/A; Reid, 1972)",,,,https://webbook.nist.gov/cgi/cbook.cgi?ID=C15869871&Mask=4,True,False
10,"InChI=1S/C10H22/c1-9(2)7-5-6-8-10(3)4/h9-10H,5-8H2,1-4H3","Octane, 2,7-dimethyl-",C1072168,True,True,False,False,False,False,"47.7 (N/A; Reid, 1972)",,,433.1 ± 0.8,https://webbook.nist.gov/cgi/cbook.cgi?ID=C1072168&Mask=4,True,False
10,"InChI=1S/C10H22/c1-5-7-8-9-10(3,4)6-2/h5-9H2,1-4H3","Octane, 3,3-dimethyl-",C4110445,True,True,False,False,False,False,"48.5 (N/A; Reid, 1972)",,,434.35,https://webbook.nist.gov/cgi/cbook.cgi?ID=C4110445&Mask=4,True,False
10,"InChI=1S/C10H22/c1-4-7-9-10(6-3)8-5-2/h10H,4-9H2,1-3H3","Octane, 4-ethyl-",C15869860,True,True,False,False,False,False,"48.1 (N/A; Reid, 1972)",,,436.51,https://webbook.nist.gov/cgi/cbook.cgi?ID=C15869860&Mask=4,True,False
10,"InChI=1S/C10H22/c1-8(2)6-10(5)7-9(3)4/h8-10H,6-7H2,1-5H3","Heptane, 2,4,6-trimethyl-",C2613618,True,True,False,False,False,False,"46.4 (N/A; Reid, 1972)",,,419.,https://webbook.nist.gov/cgi/cbook.cgi?ID=C2613618&Mask=4,True,False
10,"InChI=1S/C10H22/c1-5-7-9-10(3,4)8-6-2/h5-9H2,1-4H3","4,4-Dimethyl octane",C15869951,True,True,False,False,False,False,"48.1 (N/A; Reid, 1972)",,,430.7,https://webbook.nist.gov/cgi/cbook.cgi?ID=C15869951&Mask=4,True,False
10,"InChI=1S/C10H22/c1-6-7-9(2)8-10(3,4)5/h9H,6-8H2,1-5H3","Heptane, 2,2,4-trimethyl-",C14720742,True,True,False,False,False,False,"45.6 (N/A; Reid, 1972)",,,419.15,https://webbook.nist.gov/cgi/cbook.cgi?ID=C14720742&Mask=4,True,False
10,"InChI=1S/C10H22/c1-5-7-10(4)8-9(3)6-2/h9-10H,5-8H2,1-4H3","Octane, 3,5-dimethyl-",C15869939,True,True,False,False,False,False,"48.5 (N/A; Reid, 1972)",,,432. ± 4.,https://webbook.nist.gov/cgi/cbook.cgi?ID=C15869939&Mask=4,True,False
10,"InChI=1S/C10H22/c1-5-6-7-10(4)8-9(2)3/h9-10H,5-8H2,1-4H3","Octane, 2,4-dimethyl-",C4032944,True,True,False,False,False,True,"48.5 (N/A; Reid, 1972)",,"Majer, Svoboda, et al., 1984",429.05,https://webbook.nist.gov/cgi/cbook.cgi?ID=C4032944&Mask=4,True,False
10,"InChI=1S/C10H22/c1-6-9(3)8-10(4,5)7-2/h9H,6-8H2,1-5H3","Heptane, 3,3,5-trimethyl-",C7154805,True,True,False,False,False,False,"46.0 (N/A; Reid, 1972)",,,428.8,https://webbook.nist.gov/cgi/cbook.cgi?ID=C7154805&Mask=4,True,False
10,"InChI=1S/C10H22/c1-5-9(3)7-8-10(4)6-2/h9-10H,5-8H2,1-4H3","Octane, 3,6-dimethyl-",C15869940,False,True,False,False,False,False,"47.3 (N/A; Reid, 1972)",,,,https://webbook.nist.gov/cgi/cbook.cgi?ID=C15869940&Mask=4,True,False
10,"InChI=1S/C10H22/c1-5-7-8-10(6-2)9(3)4/h9-10H,5-8H2,1-4H3","Heptane, 3-ethyl-2-methyl-",C14676290,False,True,False,False,False,False,"48.1 (N/A; Reid, 1972)",,,,https://webbook.nist.gov/cgi/cbook.cgi?ID=C14676290&Mask=4,True,False
10,"InChI=1S/C10H22/c1-5-6-10(4)8-7-9(2)3/h9-10H,5-8H2,1-4H3","Octane, 2,5-dimethyl-",C15869893,True,True,False,False,False,False,"49.0 (N/A; Reid, 1972)",,,430.0,https://webbook.nist.gov/cgi/cbook.cgi?ID=C15869893&Mask=4,True,False
10,"InChI=1S/C10H22/c1-9(2,3)7-8-10(4,5)6/h7-8H2,1-6H3","Hexane, 2,2,5,5-tetramethyl-",C1071814,True,True,False,False,False,False,"43.5 (N/A; Reid, 1972)",,,410.7,https://webbook.nist.gov/cgi/cbook.cgi?ID=C1071814&Mask=4,True,False
10,"InChI=1S/C10H22/c1-5-9(6-2)10(7-3)8-4/h9-10H,5-8H2,1-4H3","3,4-Diethyl hexane",C19398777,True,True,False,False,False,False,"47.7 (N/A; Reid, 1972)",,,430.7,https://webbook.nist.gov/cgi/cbook.cgi?ID=C19398777&Mask=4,True,False
10,"InChI=1S/C10H22/c1-7-9(3,4)10(5,6)8-2/h7-8H2,1-6H3","Hexane, 3,3,4,4-tetramethyl-",C5171846,True,True,False,False,False,False,"42.3 (N/A; Reid, 1972)",,,443.2,https://webbook.nist.gov/cgi/cbook.cgi?ID=C5171846&Mask=4,True,False
10,"InChI=1S/C10H22/c1-4-7-10(8-5-2)9-6-3/h10H,4-9H2,1-3H3","Heptane, 4-propyl-",C3178298,True,True,False,False,False,False,"48.5 (N/A; Reid, 1972)",,,430.,https://webbook.nist.gov/cgi/cbook.cgi?ID=C3178298&Mask=4,True,False
10,"InChI=1S/C10H22/c1-6-8(3)10(5)9(4)7-2/h8-10H,6-7H2,1-5H3","Heptane, 3,4,5-trimethyl-",C20278891,False,True,False,False,False,False,"47.3 (N/A; Reid, 1972)",,,,https://webbook.nist.gov/cgi/cbook.cgi?ID=C20278891&Mask=4,True,False
10,"InChI=1S/C10H22/c1-5-7-9(3)10(4)8-6-2/h9-10H,5-8H2,1-4H3","Octane, 4,5-dimethyl- / (R*,R*)-(.+-.)-4,5-dimethyloctane / (R*,S*)-4,5-dimethyloctane",C15869962 C52896852 C52896863,True,True,False,False,False,False,"48.5 (N/A; Reid, 1972)",,,436.15,https://webbook.nist.gov/cgi/cbook.cgi?ID=C15869962&Mask=4 https://webbook.nist.gov/cgi/cbook.cgi?ID=C52896852&Mask=4 https://webbook.nist.gov/cgi/cbook.cgi?ID=C52896863&Mask=4,True,False
10,"InChI=1S/C10H22/c1-5-8-9-10(4,6-2)7-3/h5-9H2,1-4H3",3-Ethyl-3-methylheptane,C17302011,True,True,False,False,False,False,"47.7 (N/A; Reid, 1972)",,,437.05,https://webbook.nist.gov/cgi/cbook.cgi?ID=C17302011&Mask=4,True,False
10,"InChI=1S/C10H22/c1-7-8-10(5,6)9(2,3)4/h7-8H2,1-6H3","Hexane, 2,2,3,3-tetramethyl-",C13475815,True,True,False,False,False,False,"45.2 (N/A; Reid, 1972)",,,431.2,https://webbook.nist.gov/cgi/cbook.cgi?ID=C13475815&Mask=4,True,False
10,"InChI=1S/C10H22/c1-9(2)7-6-8-10(3,4)5/h9H,6-8H2,1-5H3","Heptane, 2,2,6-trimethyl-",C1190836,True,True,False,False,False,False,"46.4 (N/A; Reid, 1972)",,,421.15,https://webbook.nist.gov/cgi/cbook.cgi?ID=C1190836&Mask=4,True,False
10,"InChI=1S/C10H22/c1-6-7-8-9(2)10(3,4)5/h9H,6-8H2,1-5H3","Heptane, 2,2,3-trimethyl-",C52896921,False,True,False,False,False,False,"46.9 (N/A; Reid, 1972)",,,,https://webbook.nist.gov/cgi/cbook.cgi?ID=C52896921&Mask=4,True,False
10,"InChI=1S/C10H22/c1-8(2)6-7-10(5)9(3)4/h8-10H,6-7H2,1-5H3","Heptane, 2,3,6-trimethyl-",C4032933,True,True,False,False,False,False,"47.3 (N/A; Reid, 1972)",,,410.64,https://webbook.nist.gov/cgi/cbook.cgi?ID=C4032933&Mask=4,True,False
10,"InChI=1S/C10H22/c1-8(2)10(6,7)9(3,4)5/h8H,1-7H3","Pentane, 2,2,3,3,4-pentamethyl-",C16747447,True,True,False,False,False,False,"45.2 (N/A; Reid, 1972)",,,439.2,https://webbook.nist.gov/cgi/cbook.cgi?ID=C16747447&Mask=4,True,False
10,"InChI=1S/C10H22/c1-6-8-9(3)10(4,5)7-2/h9H,6-8H2,1-5H3","Heptane, 3,3,4-trimethyl-",C20278879,False,False,False,False,False,False,,,,,https://webbook.nist.gov/cgi/cbook.cgi?ID=C20278879&Mask=4,False,False
10,"InChI=1S/C10H22/c1-6-9(2)7-8-10(3,4)5/h9H,6-8H2,1-5H3","Heptane, 2,2,5-trimethyl-",C20291956,False,True,False,False,False,False,"46.0 (N/A; Reid, 1972)",,,,https://webbook.nist.gov/cgi/cbook.cgi?ID=C20291956&Mask=4,True,False
10,"InChI=1S/C10H22/c1-5-9(4)8-10(6-2)7-3/h9-10H,5-8H2,1-4H3","Heptane, 3-ethyl-5-methyl-",C52896909,False,True,False,False,False,False,"47.7 (N/A; Reid, 1972)",,,,https://webbook.nist.gov/cgi/cbook.cgi?ID=C52896909&Mask=4,True,False
10,"InChI=1S/C10H22/c1-5-7-10(8-6-2)9(3)4/h9-10H,5-8H2,1-4H3","Heptane, 4-(1-methylethyl)-",C52896874,False,True,False,False,False,False,"47.3 (N/A; Reid, 1972)",,,,https://webbook.nist.gov/cgi/cbook.cgi?ID=C52896874&Mask=4,True,False
10,"InChI=1S/C10H22/c1-6-10(4,5)8-7-9(2)3/h9H,6-8H2,1-5H3","Heptane, 2,5,5-trimethyl-",C1189997,True,True,False,False,False,False,"46.0 (N/A; Reid, 1972)",,,425.95,https://webbook.nist.gov/cgi/cbook.cgi?ID=C1189997&Mask=4,True,False
10,"InChI=1S/C10H22/c1-5-7-8-10(4)9(3)6-2/h9-10H,5-8H2,1-4H3","Octane, 3,4-dimethyl-",C15869928,False,True,False,False,False,False,"48.1 (N/A; Reid, 1972)",,,,https://webbook.nist.gov/cgi/cbook.cgi?ID=C15869928&Mask=4,True,False
10,"InChI=1S/C10H22/c1-6-9(4)7-10(5)8(2)3/h8-10H,6-7H2,1-5H3","Heptane, 2,3,5-trimethyl-",C20278857,False,True,False,False,False,False,"47.3 (N/A; Reid, 1972)",,,,https://webbook.nist.gov/cgi/cbook.cgi?ID=C20278857&Mask=4,True,False
10,"InChI=1S/C10H22/c1-6-7-10(4,5)8-9(2)3/h9H,6-8H2,1-5H3","Heptane, 2,4,4-trimethyl-",C4032922,True,True,False,False,False,False,"45.2 (N/A; Reid, 1972)",,,422.7,https://webbook.nist.gov/cgi/cbook.cgi?ID=C4032922&Mask=4,True,False
10,"InChI=1S/C10H22/c1-5-10(6-2)8-7-9(3)4/h9-10H,5-8H2,1-4H3","Heptane, 5-ethyl-2-methyl-",C13475780,False,True,False,False,False,False,"48.1 (N/A; Reid, 1972)",,,,https://webbook.nist.gov/cgi/cbook.cgi?ID=C13475780&Mask=4,True,False
10,"InChI=1S/C10H22/c1-6-9(7-2)8-10(3,4)5/h9H,6-8H2,1-5H3","Hexane, 4-ethyl-2,2-dimethyl-",C52896998,True,True,False,False,False,False,"45.2 (N/A; Reid, 1972)",,,420.2,https://webbook.nist.gov/cgi/cbook.cgi?ID=C52896998&Mask=4,True,False
10,"InChI=1S/C10H22/c1-6-7-9(4)10(5)8(2)3/h8-10H,6-7H2,1-5H3","Heptane, 2,3,4-trimethyl-",C52896954,True,True,False,False,False,False,"47.3 (N/A; Reid, 1972)",,,429.,https://webbook.nist.gov/cgi/cbook.cgi?ID=C52896954&Mask=4,True,False
10,"InChI=1S/C10H22/c1-8(2)7-9(3)10(4,5)6/h8-9H,7H2,1-6H3","Hexane, 2,2,3,5-tetramethyl-",C52897093,True,True,False,False,False,False,"45.2 (N/A; Reid, 1972)",,,422.,https://webbook.nist.gov/cgi/cbook.cgi?ID=C52897093&Mask=4,True,False
10,"InChI=1S/C10H22/c1-8(2)9(3)7-10(4,5)6/h8-9H,7H2,1-6H3","Hexane, 2,2,4,5-tetramethyl-",C16747425,True,True,False,False,False,False,"44.4 (N/A; Reid, 1972)",,,444.1,https://webbook.nist.gov/cgi/cbook.cgi?ID=C16747425&Mask=4,True,False
10,"InChI=1S/C10H22/c1-7-10(5,6)9(4)8(2)3/h8-9H,7H2,1-6H3","Hexane, 2,3,4,4-tetramethyl-",C52897128,True,True,False,False,False,False,"46.0 (N/A; Reid, 1972)",,,434.75,https://webbook.nist.gov/cgi/cbook.cgi?ID=C52897128&Mask=4,True,False
10,"InChI=1S/C10H22/c1-8(9(2,3)4)10(5,6)7/h8H,1-7H3","Pentane, 2,2,3,4,4-pentamethyl-",C16747458,True,True,False,False,False,False,"43.5 (N/A; Reid, 1972)",,,432.44,https://webbook.nist.gov/cgi/cbook.cgi?ID=C16747458&Mask=4,True,False
10,"InChI=1S/C10H22/c1-7-8(2)9(3)10(4,5)6/h8-9H,7H2,1-6H3","Hexane, 2,2,3,4-tetramethyl-",C52897082,True,True,False,False,False,False,"45.6 (N/A; Reid, 1972)",,,432.0,https://webbook.nist.gov/cgi/cbook.cgi?ID=C52897082&Mask=4,True,False
10,"InChI=1S/C10H22/c1-7(2)9(5)10(6)8(3)4/h7-10H,1-6H3","Hexane, 2,3,4,5-tetramethyl-",C52897151,True,True,False,False,False,False,"46.0 (N/A; Reid, 1972)",,,429.15,https://webbook.nist.gov/cgi/cbook.cgi?ID=C52897151&Mask=4,True,False
10,"InChI=1S/C10H22/c1-7-10(5,6)8-9(2,3)4/h7-8H2,1-6H3","Hexane, 2,2,4,4-tetramethyl-",C51750653,False,True,False,False,False,False,"43.5 (N/A; Reid, 1972)",,,,https://webbook.nist.gov/cgi/cbook.cgi?ID=C51750653&Mask=4,True,False
10,"InChI=1S/C10H22/c1-7-9(4)10(5,6)8(2)3/h8-9H,7H2,1-6H3","Hexane, 2,3,3,4-tetramethyl-",C52897106,True,True,False,False,False,False,"46.4 (N/A; Reid, 1972)",,,437.74,https://webbook.nist.gov/cgi/cbook.cgi?ID=C52897106&Mask=4,True,False
10,"InChI=1S/C10H22/c1-7-10(6,8-2)9(3,4)5/h7-8H2,1-6H3","Pentane, 3-ethyl-2,2,3-trimethyl-",C52897173,False,True,False,False,False,False,"46.0 (N/A; Reid, 1972)",,,,https://webbook.nist.gov/cgi/cbook.cgi?ID=C52897173&Mask=4,True,False
10,"InChI=1S/C10H22/c1-8(2)7-10(5,6)9(3)4/h8-9H,7H2,1-6H3","Hexane, 2,3,3,5-tetramethyl-",C52897117,True,True,False,False,False,False,"45.2 (N/A; Reid, 1972)",,,426.,https://webbook.nist.gov/cgi/cbook.cgi?ID=C52897117&Mask=4,True,False
10,"InChI=1S/C10H22/c1-7-9(8(2)3)10(4,5)6/h8-9H,7H2,1-6H3","Pentane, 3-ethyl-2,2,4-trimethyl",C52897184,True,True,False,False,False,False,"44.8 (N/A; Reid, 1972)",,,428.45,https://webbook.nist.gov/cgi/cbook.cgi?ID=C52897184&Mask=4,True,False
10,"InChI=1S/C10H22/c1-7(2)10(8(3)4)9(5)6/h7-10H,1-6H3","Pentane, 2,4-dimethyl-3-(1-methylethyl)-",C13475791,True,True,False,False,False,False,"45.6 (N/A; Reid, 1972)",,,430.19,https://webbook.nist.gov/cgi/cbook.cgi?ID=C13475791&Mask=4,True,False
10,"InChI=1S/C10H22/c1-5-8-10(4,7-3)9-6-2/h5-9H2,1-4H3","Heptane, 4-ethyl-4-methyl-",C17302044,False,True,False,False,False,False,"47.2 (N/A; Labbauf, Greenshields, et al., 1961)",,,,https://webbook.nist.gov/cgi/cbook.cgi?ID=C17302044&Mask=4,True,False
10,"InChI=1S/C10H22/c1-6-9(4)10(5,7-2)8-3/h9H,6-8H2,1-5H3","Hexane, 3-ethyl-3,4-dimethyl-",C52897060,False,True,False,False,False,False,"46.4 (N/A; Reid, 1972)",,,,https://webbook.nist.gov/cgi/cbook.cgi?ID=C52897060&Mask=4,True,False
10,"InChI=1S/C10H22/c1-5-8-9(4)10(6-2)7-3/h9-10H,5-8H2,1-4H3","Heptane, 3-ethyl-4-methyl-",C52896910,False,True,False,False,False,False,"48.1 (N/A; Reid, 1972)",,,,https://webbook.nist.gov/cgi/cbook.cgi?ID=C52896910&Mask=4,True,False
10,"InChI=1S/C10H22/c1-5-7-10(6-2)8-9(3)4/h9-10H,5-8H2,1-4H3","Heptane, 4-ethyl-2-methyl-",C52896885,False,True,False,False,False,False,"47.3 (N/A; Reid, 1972)",,,,https://webbook.nist.gov/cgi/cbook.cgi?ID=C52896885&Mask=4,True,False
10,"InChI=1S/C10H22/c1-7-10(6,8(2)3)9(4)5/h8-9H,7H2,1-6H3","Pentane, 3-ethyl-2,3,4-trimethyl-",C52897195,True,True,False,False,False,False,"46.4 (N/A; Reid, 1972)",,,442.59,https://webbook.nist.gov/cgi/cbook.cgi?ID=C52897195&Mask=4,True,False
10,"InChI=1S/C10H22/c1-6-10(9(4)5)7-8(2)3/h8-10H,6-7H2,1-5H3","Hexane, 3-ethyl-2,5-dimethyl-",C52897048,False,True,False,False,False,False,"46.4 (N/A; Reid, 1972)",,,,https://webbook.nist.gov/cgi/cbook.cgi?ID=C52897048&Mask=4,True,False
10,"InChI=1S/C10H22/c1-6-8-10(4,5)9(3)7-2/h9H,6-8H2,1-5H3","Heptane, 3,4,4-trimethyl-",C20278880,False,True,False,False,False,False,"46.9 (N/A; Reid, 1972) | 46.4 (N/A; Reid, 1972)",,,,https://webbook.nist.gov/cgi/cbook.cgi?ID=C20278880&Mask=4,True,False
10,"InChI=1S/C10H22/c1-6-7-10(8(2)3)9(4)5/h8-10H,6-7H2,1-5H3","Hexane, 2-methyl-3-(1-methylethyl)-",C62016131,False,True,False,False,False,False,"46.4 (N/A; Reid, 1972)",,,,https://webbook.nist.gov/cgi/cbook.cgi?ID=C62016131&Mask=4,True,False
10,"InChI=1S/C10H22/c1-6-10(7-2)9(5)8(3)4/h8-10H,6-7H2,1-5H3","Hexane, 4-ethyl-2,3-dimethyl-",C52897015,False,True,False,False,False,False,"46.9 (N/A; Reid, 1972)",,,,https://webbook.nist.gov/cgi/cbook.cgi?ID=C52897015&Mask=4,True,False
10,"InChI=1S/C10H22/c1-6-9(7-2)10(4,5)8-3/h9H,6-8H2,1-5H3","Hexane, 4-ethyl-3,3-dimethyl-",C52897059,False,True,False,False,False,False,"46.4 (N/A; Reid, 1972)",,,,https://webbook.nist.gov/cgi/cbook.cgi?ID=C52897059&Mask=4,True,False
10,"InChI=1S/C10H22/c1-6-10(5,7-2)8-9(3)4/h9H,6-8H2,1-5H3","Hexane, 4-ethyl-2,4-dimethyl-",C52897037,False,True,False,False,False,False,"46.4 (N/A; Reid, 1972)",,,,https://webbook.nist.gov/cgi/cbook.cgi?ID=C52897037&Mask=4,True,False
10,"InChI=1S/C10H22/c1-6-8-9(7-2)10(3,4)5/h9H,6-8H2,1-5H3","Hexane, 3-ethyl-2,2-dimethyl-",C20291912,False,True,False,False,False,False,"46.0 (N/A; Reid, 1972)",,,,https://webbook.nist.gov/cgi/cbook.cgi?ID=C20291912&Mask=4,True,False
10,"InChI=1S/C10H22/c1-6-9(5)10(7-2)8(3)4/h8-10H,6-7H2,1-5H3","Hexane, 3-ethyl-2,4-dimethyl-",C7220260,False,True,False,False,False,False,"46.9 (N/A; Reid, 1972)",,,,https://webbook.nist.gov/cgi/cbook.cgi?ID=C7220260&Mask=4,True,False
10,"InChI=1S/C10H22/c1-5-8-10(7-3)9(4)6-2/h9-10H,5-8H2,1-4H3","Heptane, 4-ethyl-3-methyl-",C52896896,False,True,False,False,False,False,"47.7 (N/A; Reid, 1972)",,,,https://webbook.nist.gov/cgi/cbook.cgi?ID=C52896896&Mask=4,True,False
10,"InChI=1S/C10H22/c1-6-9(4)10(5)7-8(2)3/h8-10H,6-7H2,1-5H3","Heptane, 2,4,5-trimethyl-",C20278846,False,True,False,False,False,False,"46.9 (N/A; Reid, 1972)",,,,https://webbook.nist.gov/cgi/cbook.cgi?ID=C20278846&Mask=4,True,False
10,"InChI=1S/C10H22/c1-5-9-10(6-2,7-3)8-4/h5-9H2,1-4H3","Hexane, 3,3-diethyl-",C17302022,True,True,False,False,False,False,"47.3 (N/A; Reid, 1972)",,,435.85,https://webbook.nist.gov/cgi/cbook.cgi?ID=C17302022&Mask=4,True,False
10,"InChI=1S/C10H22/c1-6-8-10(5,7-2)9(3)4/h9H,6-8H2,1-5H3","Hexane, 3-ethyl-2,3-dimethyl-",C52897004,False,True,False,False,False,False,"46.9 (N/A; Reid, 1972)",,,,https://webbook.nist.gov/cgi/cbook.cgi?ID=C52897004&Mask=4,True,False
10,"InChI=1S/C10H22/c1-6-7-8-10(4,5)9(2)3/h9H,6-8H2,1-5H3","Heptane, 2,3,3-trimethyl-",C52896932,True,True,False,False,False,False,"46.9 (N/A; Reid, 1972)",,,433.2,https://webbook.nist.gov/cgi/cbook.cgi?ID=C52896932&Mask=4,True,False
10,"InChI=1S/C10H22/c1-6-10(7-2,8-3)9(4)5/h9H,6-8H2,1-5H3","Pentane, 3,3-diethyl-2-methyl-",C52897162,False,True,False,False,False,False,"47.3 (N/A; Reid, 1972)",,,,https://webbook.nist.gov/cgi/cbook.cgi?ID=C52897162&Mask=4,True,False
11,"InChI=1S/C11H24/c1-4-5-6-7-8-9-10-11(2)3/h11H,4-10H2,1-3H3","Decane, 2-methyl-",C6975980,True,True,False,False,False,True,"54.29 (N/A; Majer and Svoboda, 1985)",,"Majer, Svoboda, et al., 1984",462.4,https://webbook.nist.gov/cgi/cbook.cgi?ID=C6975980&Mask=4,True,False
11,"InChI=1S/C11H24/c1-3-5-7-9-11-10-8-6-4-2/h3-11H2,1-2H3",Undecane,C1120214,True,True,False,True,True,True,56.4 ± 0.2 (AVG; N/A),"56.2 @299. K (Viton, Chavret, et al., 1996)","Viton, Chavret, et al., 1996",468. ± 2.,https://webbook.nist.gov/cgi/cbook.cgi?ID=C1120214&Mask=4,False,True
11,"InChI=1S/C11H24/c1-4-6-7-8-10-11(3)9-5-2/h11H,4-10H2,1-3H3","Decane, 4-methyl-",C2847725,True,True,False,False,False,True,"53.77 (N/A; Majer and Svoboda, 1985)",,"Majer, Svoboda, et al., 1984",460.1,https://webbook.nist.gov/cgi/cbook.cgi?ID=C2847725&Mask=4,True,False
11,"InChI=1S/C11H24/c1-4-6-7-8-9-10-11(3)5-2/h11H,4-10H2,1-3H3","Decane, 3-methyl-",C13151343,False,False,False,False,False,False,,,,,https://webbook.nist.gov/cgi/cbook.cgi?ID=C13151343&Mask=4,False,False
11,"InChI=1S/C11H24/c1-4-6-8-10-11(3)9-7-5-2/h11H,4-10H2,1-3H3","Decane, 5-methyl-",C13151354,False,False,False,False,False,False,,,,,https://webbook.nist.gov/cgi/cbook.cgi?ID=C13151354&Mask=4,False,False
11,"InChI=1S/C11H24/c1-5-7-11(4)9-6-8-10(2)3/h10-11H,5-9H2,1-4H3","Nonane, 2,6-dimethyl-",C17302282,False,False,False,False,False,False,,,,,https://webbook.nist.gov/cgi/cbook.cgi?ID=C17302282&Mask=4,False,False
11,"InChI=1S/C11H24/c1-5-6-7-8-9-11(4)10(2)3/h10-11H,5-9H2,1-4H3","Nonane, 2,3-dimethyl-",C2884062,True,False,False,False,False,False,,,,448.,https://webbook.nist.gov/cgi/cbook.cgi?ID=C2884062&Mask=4,False,False
11,"InChI=1S/C11H24/c1-5-10(3)8-7-9-11(4)6-2/h10-11H,5-9H2,1-4H3","Nonane, 3,7-dimethyl-",C17302328,False,False,False,False,False,False,,,,,https://webbook.nist.gov/cgi/cbook.cgi?ID=C17302328&Mask=4,False,False
11,"InChI=1S/C11H24/c1-5-6-7-11(4)9-8-10(2)3/h10-11H,5-9H2,1-4H3","Nonane, 2,5-dimethyl-",C17302271,False,False,False,False,False,False,,,,,https://webbook.nist.gov/cgi/cbook.cgi?ID=C17302271&Mask=4,False,False
11,"InChI=1S/C11H24/c1-6-10(4)8-11(5)7-9(2)3/h9-11H,6-8H2,1-5H3","Octane, 2,4,6-trimethyl-",C62016379,False,False,False,False,False,False,,,,,https://webbook.nist.gov/cgi/cbook.cgi?ID=C62016379&Mask=4,False,False
11,"InChI=1S/C11H24/c1-7-10(3,4)9-11(5,6)8-2/h7-9H2,1-6H3","3,3,5,5-Tetramethylheptane",C61868619,False,False,False,False,False,False,,,,,https://webbook.nist.gov/cgi/cbook.cgi?ID=C61868619&Mask=4,False,False
11,"InChI=1S/C11H24/c1-6-10(2)8-7-9-11(3,4)5/h10H,6-9H2,1-5H3","Octane, 2,2,6-trimethyl-",C62016288,False,False,False,False,False,False,,,,,https://webbook.nist.gov/cgi/cbook.cgi?ID=C62016288&Mask=4,False,False
11,"InChI=1S/C11H24/c1-5-7-11(6-2)9-8-10(3)4/h10-11H,5-9H2,1-4H3","Octane, 5-ethyl-2-methyl-",C62016186,False,False,False,False,False,False,,,,,https://webbook.nist.gov/cgi/cbook.cgi?ID=C62016186&Mask=4,False,False
11,"InChI=1S/C11H24/c1-4-7-10-11(8-5-2)9-6-3/h11H,4-10H2,1-3H3","Octane, 4-propyl-",C17302135,True,False,False,False,False,False,,,,448.,https://webbook.nist.gov/cgi/cbook.cgi?ID=C17302135&Mask=4,False,False
11,"InChI=1S/C11H24/c1-7-11(5,6)9-8-10(2,3)4/h7-9H2,1-6H3","2,2,5,5-Tetramethylheptane",C61868471,False,False,False,False,False,False,,,,,https://webbook.nist.gov/cgi/cbook.cgi?ID=C61868471&Mask=4,False,False
11,"InChI=1S/C11H24/c1-9(2)11(6,7)8-10(3,4)5/h9H,8H2,1-7H3","2,2,4,4,5-Pentamethylhexane",C60302230,False,False,False,False,False,False,,,,,https://webbook.nist.gov/cgi/cbook.cgi?ID=C60302230&Mask=4,False,False
11,"InChI=1S/C11H24/c1-5-7-9-11(4)10(3)8-6-2/h10-11H,5-9H2,1-4H3","Nonane, 4,5-dimethyl-",C17302237,False,False,False,False,False,False,,,,,https://webbook.nist.gov/cgi/cbook.cgi?ID=C17302237&Mask=4,False,False
11,"InChI=1S/C11H24/c1-6-8-11(5,7-2)9-10(3)4/h10H,6-9H2,1-5H3","4-ethyl-2,4-dimethylheptane",C61868255,True,False,False,False,False,False,,,,442.,https://webbook.nist.gov/cgi/cbook.cgi?ID=C61868255&Mask=4,False,False
11,"InChI=1S/C11H24/c1-9(11(5,6)7)8-10(2,3)4/h9H,8H2,1-7H3","2,2,3,5,5-pentamethylhexane",C14739732,True,False,False,False,False,False,,,,437.4,https://webbook.nist.gov/cgi/cbook.cgi?ID=C14739732&Mask=4,False,False
11,"InChI=1S/C11H24/c1-9(2)8-11(6,7)10(3,4)5/h9H,8H2,1-7H3","2,2,3,3,5-pentamethylhexane",C61868868,True,False,False,False,False,False,,,,446.3,https://webbook.nist.gov/cgi/cbook.cgi?ID=C61868868&Mask=4,False,False
11,"InChI=1S/C11H24/c1-6-7-8-10(2)9-11(3,4)5/h10H,6-9H2,1-5H3","2,2,4-trimethyloctane",C18932144,True,False,False,False,False,False,,,,441.7,https://webbook.nist.gov/cgi/cbook.cgi?ID=C18932144&Mask=4,False,False
11,"InChI=1S/C11H24/c1-5-9-11(7-3,8-4)10-6-2/h5-10H2,1-4H3","4,4-diethylheptane",C17302215,True,False,False,False,False,False,,,,456.3,https://webbook.nist.gov/cgi/cbook.cgi?ID=C17302215&Mask=4,False,False
11,"InChI=1S/C11H24/c1-8(2)7-10(5)11(6)9(3)4/h8-11H,7H2,1-6H3","heptane, 2,3,4,6-tetramethyl-",C61868540,True,False,False,False,False,False,,,,446.7,https://webbook.nist.gov/cgi/cbook.cgi?ID=C61868540&Mask=4,False,False
11,"InChI=1S/C11H24/c1-10(2,3)8-7-9-11(4,5)6/h7-9H2,1-6H3","2,2,6,6-Tetramethylheptane",C40117451,False,False,False,False,False,False,,,,,https://webbook.nist.gov/cgi/cbook.cgi?ID=C40117451&Mask=4,False,False
11,"InChI=1S/C11H24/c1-7-8-9-11(5,6)10(2,3)4/h7-9H2,1-6H3","2,2,3,3-tetramethylheptane",C61868404,True,False,False,False,False,False,,,,452.8,https://webbook.nist.gov/cgi/cbook.cgi?ID=C61868404&Mask=4,False,False
11,"InChI=1S/C11H24/c1-5-6-7-8-11(4)9-10(2)3/h10-11H,5-9H2,1-4H3","2,4-Dimethylnonane",C17302248,False,False,False,False,False,False,,,,,https://webbook.nist.gov/cgi/cbook.cgi?ID=C17302248&Mask=4,False,False
11,"InChI=1S/C11H24/c1-5-8-9-10-11(4,6-2)7-3/h5-10H2,1-4H3",3-ethyl-3-methyloctane,C17302168,True,False,False,False,False,False,,,,458.9,https://webbook.nist.gov/cgi/cbook.cgi?ID=C17302168&Mask=4,False,False
11,"InChI=1S/C11H24/c1-5-9-10-11(6-2,7-3)8-4/h5-10H2,1-4H3","3,3-diethylheptane",C17302179,True,False,False,False,False,False,,,,459.9,https://webbook.nist.gov/cgi/cbook.cgi?ID=C17302179&Mask=4,False,False
11,"InChI=1S/C11H24/c1-7-9(2)8-10(3)11(4,5)6/h9-10H,7-8H2,1-6H3","Heptane, 2,2,3,5-tetramethyl-",C61868426,False,False,False,False,False,False,,,,,https://webbook.nist.gov/cgi/cbook.cgi?ID=C61868426&Mask=4,False,False
11,"InChI=1S/C11H24/c1-8(2)11(7,9(3)4)10(5)6/h8-10H,1-7H3","pentane, 2,3,4-trimethyl-3-(1-methylethyl)-",C61868915,False,False,False,False,False,False,,,,,https://webbook.nist.gov/cgi/cbook.cgi?ID=C61868915&Mask=4,False,False
11,"InChI=1S/C11H24/c1-5-11(6-2)9-7-8-10(3)4/h10-11H,5-9H2,1-4H3","Octane, 6-ethyl-2-methyl-",C62016197,False,False,False,False,False,False,,,,,https://webbook.nist.gov/cgi/cbook.cgi?ID=C62016197&Mask=4,False,False
11,"InChI=1S/C11H24/c1-6-11(4,5)9-7-8-10(2)3/h10H,6-9H2,1-5H3","Octane, 2,6,6-trimethyl-",C54166324,False,False,False,False,False,False,,,,,https://webbook.nist.gov/cgi/cbook.cgi?ID=C54166324&Mask=4,False,False
11,"InChI=1S/C11H24/c1-6-10(4)11(5)8-7-9(2)3/h9-11H,6-8H2,1-5H3","Octane, 2,5,6-trimethyl-",C62016142,False,False,False,False,False,False,,,,,https://webbook.nist.gov/cgi/cbook.cgi?ID=C62016142&Mask=4,False,False
11,"InChI=1S/C11H24/c1-6-7-8-9-11(4,5)10(2)3/h10H,6-9H2,1-5H3","Octane, 2,3,3-trimethyl-",C62016302,False,False,False,False,False,False,,,,,https://webbook.nist.gov/cgi/cbook.cgi?ID=C62016302&Mask=4,False,False
11,"InChI=1S/C11H24/c1-6-10(4)7-8-11(5)9(2)3/h9-11H,6-8H2,1-5H3","Octane, 2,3,6-trimethyl-",C62016335,False,False,False,False,False,False,,,,,https://webbook.nist.gov/cgi/cbook.cgi?ID=C62016335&Mask=4,False,False
11,"InChI=1S/C11H24/c1-9(2)7-6-8-11(5)10(3)4/h9-11H,6-8H2,1-5H3","Octane, 2,3,7-trimethyl-",C62016346,False,False,False,False,False,False,,,,,https://webbook.nist.gov/cgi/cbook.cgi?ID=C62016346&Mask=4,False,False
11,"InChI=1S/C11H24/c1-8-11(7,9(2)3)10(4,5)6/h9H,8H2,1-7H3","pentane, 3-ethyl-2,2,3,4-tetramethyl-",C61868937,False,False,False,False,False,False,,,,,https://webbook.nist.gov/cgi/cbook.cgi?ID=C61868937&Mask=4,False,False
11,"InChI=1S/C11H24/c1-6-7-11(10(4)5)8-9(2)3/h9-11H,6-8H2,1-5H3","heptane, 2-methyl-4-(1-methylethyl)-",C61868982,False,False,False,False,False,False,,,,,https://webbook.nist.gov/cgi/cbook.cgi?ID=C61868982&Mask=4,False,False
11,"InChI=1S/C11H24/c1-8-9(10(2,3)4)11(5,6)7/h9H,8H2,1-7H3","3-ethyl-2,2,4,4-tetramethylpentane",C3178301,False,False,False,False,False,False,,,,,https://webbook.nist.gov/cgi/cbook.cgi?ID=C3178301&Mask=4,False,False
11,"InChI=1S/C11H24/c1-7-10(8-2)9(3)11(4,5)6/h9-10H,7-8H2,1-6H3","hexane, 4-ethyl-2,2,3-trimethyl-",C61868733,False,False,False,False,False,False,,,,,https://webbook.nist.gov/cgi/cbook.cgi?ID=C61868733&Mask=4,False,False
11,"InChI=1S/C11H24/c1-7-11(6,8-2)10(5)9(3)4/h9-10H,7-8H2,1-6H3","hexane, 4-ethyl-2,3,4-trimethyl-",C61868802,False,False,False,False,False,False,,,,,https://webbook.nist.gov/cgi/cbook.cgi?ID=C61868802&Mask=4,False,False
11,"InChI=1S/C11H24/c1-7-11(6,10(4)5)8-9(2)3/h9-10H,7-8H2,1-6H3","hexane, 3-ethyl-2,3,5-trimethyl-",C61868813,False,False,False,False,False,False,,,,,https://webbook.nist.gov/cgi/cbook.cgi?ID=C61868813&Mask=4,False,False
11,"InChI=1S/C11H24/c1-6-9-10(4)11(5,7-2)8-3/h10H,6-9H2,1-5H3","heptane, 3-ethyl-3,4-dimethyl-",C61868346,False,False,False,False,False,False,,,,,https://webbook.nist.gov/cgi/cbook.cgi?ID=C61868346&Mask=4,False,False
11,"InChI=1S/C11H24/c1-6-10(5)11(7-2)8-9(3)4/h9-11H,6-8H2,1-5H3","heptane, 4-ethyl-2,5-dimethyl-",C61868288,False,False,False,False,False,False,,,,,https://webbook.nist.gov/cgi/cbook.cgi?ID=C61868288&Mask=4,False,False
11,"InChI=1S/C11H24/c1-6-9-10(7-2)11(4,5)8-3/h10H,6-9H2,1-5H3","heptane, 4-ethyl-3,3-dimethyl-",C61868324,False,False,False,False,False,False,,,,,https://webbook.nist.gov/cgi/cbook.cgi?ID=C61868324&Mask=4,False,False
11,"InChI=1S/C11H24/c1-6-9(4)10(5)11(7-2)8-3/h9-11H,6-8H2,1-5H3","heptane, 3-ethyl-4,5-dimethyl-",C61868368,False,False,False,False,False,False,,,,,https://webbook.nist.gov/cgi/cbook.cgi?ID=C61868368&Mask=4,False,False
11,"InChI=1S/C11H24/c1-6-9-11(4,5)10(7-2)8-3/h10H,6-9H2,1-5H3","heptane, 3-ethyl-4,4-dimethyl-",C61868391,False,False,False,False,False,False,,,,,https://webbook.nist.gov/cgi/cbook.cgi?ID=C61868391&Mask=4,False,False
11,"InChI=1S/C11H24/c1-8-11(6,7)9(2)10(3,4)5/h9H,8H2,1-7H3","hexane, 2,2,3,4,4-pentamethyl-",C61868879,False,False,False,False,False,False,,,,,https://webbook.nist.gov/cgi/cbook.cgi?ID=C61868879&Mask=4,False,False
11,"InChI=1S/C11H24/c1-8-10(4,5)11(6,7)9(2)3/h9H,8H2,1-7H3","hexane, 2,3,3,4,4-pentamethyl-",C61868891,False,False,False,False,False,False,,,,,https://webbook.nist.gov/cgi/cbook.cgi?ID=C61868891&Mask=4,False,False
11,"InChI=1S/C11H24/c1-7-8-9(2)10(3)11(4,5)6/h9-10H,7-8H2,1-6H3","heptane, 2,2,3,4-tetramethyl-",C61868415,False,False,False,False,False,False,,,,,https://webbook.nist.gov/cgi/cbook.cgi?ID=C61868415&Mask=4,False,False
11,"InChI=1S/C11H24/c1-7-9(4)11(6)10(5)8(2)3/h8-11H,7H2,1-6H3","heptane, 2,3,4,5-tetramethyl-",C61868539,False,False,False,False,False,False,,,,,https://webbook.nist.gov/cgi/cbook.cgi?ID=C61868539&Mask=4,False,False
11,"InChI=1S/C11H24/c1-9(2)10(3)7-8-11(4,5)6/h9-10H,7-8H2,1-6H3","heptane, 2,2,5,6-tetramethyl-",C61868482,False,False,False,False,False,False,,,,,https://webbook.nist.gov/cgi/cbook.cgi?ID=C61868482&Mask=4,False,False
11,"InChI=1S/C11H24/c1-9(2)7-8-11(5,6)10(3)4/h9-10H,7-8H2,1-6H3","heptane, 2,3,3,6-tetramethyl-",C61868517,False,False,False,False,False,False,,,,,https://webbook.nist.gov/cgi/cbook.cgi?ID=C61868517&Mask=4,False,False
11,"InChI=1S/C11H24/c1-7-9-11(5,6)10(3,4)8-2/h7-9H2,1-6H3","heptane, 3,3,4,4-tetramethyl-",C61868595,False,False,False,False,False,False,,,,,https://webbook.nist.gov/cgi/cbook.cgi?ID=C61868595&Mask=4,False,False
11,"InChI=1S/C11H24/c1-7-9(3)10(4)11(5,6)8-2/h9-10H,7-8H2,1-6H3","heptane, 3,3,4,5-tetramethyl-",C61868608,False,False,False,False,False,False,,,,,https://webbook.nist.gov/cgi/cbook.cgi?ID=C61868608&Mask=4,False,False
11,"InChI=1S/C11H24/c1-6-9-11(7-2,8-3)10(4)5/h10H,6-9H2,1-5H3","hexane, 3,3-diethyl-2-methyl-",C61868675,False,False,False,False,False,False,,,,,https://webbook.nist.gov/cgi/cbook.cgi?ID=C61868675&Mask=4,False,False
11,"InChI=1S/C11H24/c1-6-10(7-2)11(8-3)9(4)5/h9-11H,6-8H2,1-5H3","hexane, 3,4-diethyl-2-methyl-",C61868686,False,False,False,False,False,False,,,,,https://webbook.nist.gov/cgi/cbook.cgi?ID=C61868686&Mask=4,False,False
11,"InChI=1S/C11H24/c1-5-8-11(4,9-6-2)10-7-3/h5-10H2,1-4H3","heptane, 4-methyl-4-propyl-",C17302204,False,False,False,False,False,False,,,,,https://webbook.nist.gov/cgi/cbook.cgi?ID=C17302204&Mask=4,False,False
11,"InChI=1S/C11H24/c1-8(2)10(5)11(6,7)9(3)4/h8-10H,1-7H3","2,3,3,4,5-pentamethylhexane",C52670334,False,False,False,False,False,False,,,,,https://webbook.nist.gov/cgi/cbook.cgi?ID=C52670334&Mask=4,False,False
11,"InChI=1S/C11H24/c1-6-10(4)9-11(5,7-2)8-3/h10H,6-9H2,1-5H3","3-ethyl-3,5-dimethylheptane",C61868379,False,False,False,False,False,False,,,,,https://webbook.nist.gov/cgi/cbook.cgi?ID=C61868379&Mask=4,False,False
11,"InChI=1S/C11H24/c1-6-8-10(7-2)9-11(3,4)5/h10H,6-9H2,1-5H3","4-ethyl-2,2-dimethylheptane",C62016460,False,False,False,False,False,False,,,,,https://webbook.nist.gov/cgi/cbook.cgi?ID=C62016460&Mask=4,False,False
11,"InChI=1S/C11H24/c1-6-10(7-2)8-9-11(3,4)5/h10H,6-9H2,1-5H3","5-ethyl-2,2-dimethylheptane",C62016471,False,False,False,False,False,False,,,,,https://webbook.nist.gov/cgi/cbook.cgi?ID=C62016471&Mask=4,False,False
11,"InChI=1S/C11H24/c1-9(2)7-11(5,6)8-10(3)4/h9-10H,7-8H2,1-6H3","2,4,4,6-tetramethylheptane",C61868573,False,False,False,False,False,False,,,,,https://webbook.nist.gov/cgi/cbook.cgi?ID=C61868573&Mask=4,False,False
11,"InChI=1S/C11H24/c1-5-8-10-11(4,7-3)9-6-2/h5-10H2,1-4H3","octane, 4-ethyl-4-methyl-",C17302191,False,False,False,False,False,False,,,,,https://webbook.nist.gov/cgi/cbook.cgi?ID=C17302191&Mask=4,False,False
11,"InChI=1S/C11H24/c1-5-8-9-10(4)11(6-2)7-3/h10-11H,5-9H2,1-4H3","octane, 3-ethyl-4-methyl-",C62016233,False,False,False,False,False,False,,,,,https://webbook.nist.gov/cgi/cbook.cgi?ID=C62016233&Mask=4,False,False
11,"InChI=1S/C11H24/c1-6-8-11(4,5)9-10(3)7-2/h10H,6-9H2,1-5H3","octane, 3,5,5-trimethyl-",C61868948,False,False,False,False,False,False,,,,,https://webbook.nist.gov/cgi/cbook.cgi?ID=C61868948&Mask=4,False,False
11,"InChI=1S/C11H24/c1-6-7-8-9-10(2)11(3,4)5/h10H,6-9H2,1-5H3","2,2,3-trimethyloctane",C62016266,False,False,False,False,False,False,,,,,https://webbook.nist.gov/cgi/cbook.cgi?ID=C62016266&Mask=4,False,False
11,"InChI=1S/C11H24/c1-6-8-9-10(3)11(4,5)7-2/h10H,6-9H2,1-5H3","3,3,4-trimethyloctane",C62016404,False,False,False,False,False,False,,,,,https://webbook.nist.gov/cgi/cbook.cgi?ID=C62016404&Mask=4,False,False
11,"InChI=1S/C11H24/c1-5-7-8-9-11(4)10(3)6-2/h10-11H,5-9H2,1-4H3","nonane, 3,4-dimethyl-",C17302226,False,False,False,False,False,False,,,,,https://webbook.nist.gov/cgi/cbook.cgi?ID=C17302226&Mask=4,False,False
11,"InChI=1S/C11H24/c1-5-7-8-11(4)9-10(3)6-2/h10-11H,5-9H2,1-4H3","nonane, 3,5-dimethyl-",C17302259,False,False,False,False,False,False,,,,,https://webbook.nist.gov/cgi/cbook.cgi?ID=C17302259&Mask=4,False,False
11,"InChI=1S/C11H24/c1-5-7-11(4)9-8-10(3)6-2/h10-11H,5-9H2,1-4H3","nonane, 3,6-dimethyl-",C17302317,False,False,False,False,False,False,,,,,https://webbook.nist.gov/cgi/cbook.cgi?ID=C17302317&Mask=4,False,False
11,"InChI=1S/C11H24/c1-6-7-8-10(4)11(5)9(2)3/h9-11H,6-8H2,1-5H3","2,3,4-trimethyloctane",C62016313,False,False,False,False,False,False,,,,,https://webbook.nist.gov/cgi/cbook.cgi?ID=C62016313&Mask=4,False,False
11,"InChI=1S/C11H24/c1-6-7-10(4)8-11(5)9(2)3/h9-11H,6-8H2,1-5H3","2,3,5-trimethyloctane",C62016324,False,False,False,False,False,False,,,,,https://webbook.nist.gov/cgi/cbook.cgi?ID=C62016324&Mask=4,False,False
11,"InChI=1S/C11H24/c1-6-8-10(4)11(5)9(3)7-2/h9-11H,6-8H2,1-5H3","3,4,5-trimethyloctane",C62016448,False,False,False,False,False,False,,,,,https://webbook.nist.gov/cgi/cbook.cgi?ID=C62016448&Mask=4,False,False
11,"InChI=1S/C11H24/c1-5-6-7-8-9-10-11(2,3)4/h5-10H2,1-4H3","2,2-dimethylnonane",C17302146,False,False,False,False,False,False,,,,,https://webbook.nist.gov/cgi/cbook.cgi?ID=C17302146&Mask=4,False,False
11,"InChI=1S/C11H24/c1-5-7-8-9-10-11(3,4)6-2/h5-10H2,1-4H3","3,3-dimethylnonane",C17302157,False,False,False,False,False,False,,,,,https://webbook.nist.gov/cgi/cbook.cgi?ID=C17302157&Mask=4,False,False
11,"InChI=1S/C11H24/c1-5-11(4)9-7-6-8-10(2)3/h10-11H,5-9H2,1-4H3","2,7-dimethylnonane",C17302293,False,False,False,False,False,False,,,,,https://webbook.nist.gov/cgi/cbook.cgi?ID=C17302293&Mask=4,False,False
11,"InChI=1S/C11H24/c1-10(2)8-6-5-7-9-11(3)4/h10-11H,5-9H2,1-4H3","2,8-dimethylnonane",C17302306,False,False,False,False,False,False,,,,,https://webbook.nist.gov/cgi/cbook.cgi?ID=C17302306&Mask=4,False,False
11,"InChI=1S/C11H24/c1-4-7-8-9-10-11(5-2)6-3/h11H,4-10H2,1-3H3",3-ethylnonane,C17302113,False,False,False,False,False,False,,,,,https://webbook.nist.gov/cgi/cbook.cgi?ID=C17302113&Mask=4,False,False
11,"InChI=1S/C11H24/c1-4-7-9-11(6-3)10-8-5-2/h11H,4-10H2,1-3H3",5-ethylnonane,C17302124,False,False,False,False,False,False,,,,,https://webbook.nist.gov/cgi/cbook.cgi?ID=C17302124&Mask=4,False,False
11,"InChI=1S/C11H24/c1-4-7-8-10-11(6-3)9-5-2/h11H,4-10H2,1-3H3",4-ethylnonane,C5911057,False,False,False,False,False,False,,,,,https://webbook.nist.gov/cgi/cbook.cgi?ID=C5911057&Mask=4,False,False
12,"InChI=1S/C12H26/c1-3-5-7-9-11-12-10-8-6-4-2/h3-12H2,1-2H3",Dodecane,C112403,True,True,False,True,True,True,61. ± 1. (AVG; N/A),"61.4 @299. K (Viton, Chavret, et al., 1996)","Viton, Chavret, et al., 1996",489. ± 2.,https://webbook.nist.gov/cgi/cbook.cgi?ID=C112403&Mask=4,False,True
12,"InChI=1S/C12H26/c1-10(8-11(2,3)4)9-12(5,6)7/h10H,8-9H2,1-7H3","Heptane, 2,2,4,6,6-pentamethyl-",C13475826,True,True,True,False,False,False,"48.97 (N/A; Majer and Svoboda, 1985) | 49.0 ± 0.2 (C; Melaugh, Mansson, et al., 1976)",,,451. ± 2.,https://webbook.nist.gov/cgi/cbook.cgi?ID=C13475826&Mask=4,False,True
12,"InChI=1S/C12H26/c1-4-5-6-7-8-9-10-11-12(2)3/h12H,4-11H2,1-3H3","Undecane, 2-methyl-",C7045718,True,False,False,False,False,False,,,,483.2,https://webbook.nist.gov/cgi/cbook.cgi?ID=C7045718&Mask=4,False,False
12,"InChI=1S/C12H26/c1-4-6-8-9-11-12(3)10-7-5-2/h12H,4-11H2,1-3H3","Undecane, 5-methyl-",C1632708,False,False,False,False,False,False,,,,,https://webbook.nist.gov/cgi/cbook.cgi?ID=C1632708&Mask=4,False,False
12,"InChI=1S/C12H26/c1-4-6-7-8-9-11-12(3)10-5-2/h12H,4-11H2,1-3H3","Undecane, 4-methyl-",C2980690,True,False,False,False,False,False,,,,483.0,https://webbook.nist.gov/cgi/cbook.cgi?ID=C2980690&Mask=4,False,False
12,"InChI=1S/C12H26/c1-4-6-7-8-9-10-11-12(3)5-2/h12H,4-11H2,1-3H3","Undecane, 3-methyl- / (S)-3-methylundecane",C1002433 C55194280,False,False,False,False,False,False,,,,,https://webbook.nist.gov/cgi/cbook.cgi?ID=C1002433&Mask=4 https://webbook.nist.gov/cgi/cbook.cgi?ID=C55194280&Mask=4,False,False
12,"InChI=1S/C12H26/c1-4-6-8-10-12(3)11-9-7-5-2/h12H,4-11H2,1-3H3","Undecane, 6-methyl-",C17302339,False,False,False,False,False,False,,,,,https://webbook.nist.gov/cgi/cbook.cgi?ID=C17302339&Mask=4,False,False
12,"InChI=1S/C12H26/c1-5-6-9-12(4)10-7-8-11(2)3/h11-12H,5-10H2,1-4H3","2,6-Dimethyldecane",C13150817,False,False,False,False,False,False,,,,,https://webbook.nist.gov/cgi/cbook.cgi?ID=C13150817&Mask=4,False,False
12,"InChI=1S/C12H26/c1-11(2,3)9-7-8-10-12(4,5)6/h7-10H2,1-6H3","2,2,7,7-Tetramethyloctane",C1071314,True,False,False,False,False,False,,,,459.,https://webbook.nist.gov/cgi/cbook.cgi?ID=C1071314&Mask=4,False,False
12,"InChI=1S/C12H26/c1-5-11(3)9-7-8-10-12(4)6-2/h11-12H,5-10H2,1-4H3","Decane, 3,8-dimethyl-",C17312559,False,False,False,False,False,False,,,,,https://webbook.nist.gov/cgi/cbook.cgi?ID=C17312559&Mask=4,False,False
12,"InChI=1S/C12H26/c1-5-9-11(7-3)12(8-4)10-6-2/h11-12H,5-10H2,1-4H3","Octane, 4,5-diethyl-",C1636415,True,False,False,False,False,False,,,,466.,https://webbook.nist.gov/cgi/cbook.cgi?ID=C1636415&Mask=4,False,False
12,"InChI=1S/C12H26/c1-5-8-10-11(4)12(7-3)9-6-2/h11-12H,5-10H2,1-4H3","Nonane, 4-ethyl-5-methyl-",C1632719,False,False,False,False,False,False,,,,,https://webbook.nist.gov/cgi/cbook.cgi?ID=C1632719&Mask=4,False,False
12,"InChI=1S/C12H26/c1-5-7-9-11(3)12(4)10-8-6-2/h11-12H,5-10H2,1-4H3","Decane, 5,6-dimethyl-",C1636437,False,False,False,False,False,False,,,,,https://webbook.nist.gov/cgi/cbook.cgi?ID=C1636437&Mask=4,False,False
12,"InChI=1S/C12H26/c1-5-8-12(4)10-7-9-11(3)6-2/h11-12H,5-10H2,1-4H3","Decane, 3,7-dimethyl-",C17312548,False,False,False,False,False,False,,,,,https://webbook.nist.gov/cgi/cbook.cgi?ID=C17312548&Mask=4,False,False
12,"InChI=1S/C12H26/c1-5-6-7-8-9-10-11-12(2,3)4/h5-11H2,1-4H3","Decane, 2,2-dimethyl-",C17302373,False,False,False,False,False,False,,,,,https://webbook.nist.gov/cgi/cbook.cgi?ID=C17302373&Mask=4,False,False
12,"InChI=1S/C12H26/c1-5-6-7-8-9-12(4)10-11(2)3/h11-12H,5-10H2,1-4H3","Decane, 2,4-dimethyl-",C2801845,False,False,False,False,False,False,,,,,https://webbook.nist.gov/cgi/cbook.cgi?ID=C2801845&Mask=4,False,False
12,"InChI=1S/C12H26/c1-5-6-7-8-9-10-12(4)11(2)3/h11-12H,5-10H2,1-4H3","2,3-Dimethyldecane",C17312446,False,False,False,False,False,False,,,,,https://webbook.nist.gov/cgi/cbook.cgi?ID=C17312446&Mask=4,False,False
12,"InChI=1S/C12H26/c1-7-11(3,4)9-10-12(5,6)8-2/h7-10H2,1-6H3","3,3,6,6-Tetramethyloctane",C62199466,True,False,False,False,False,False,,,,462.9,https://webbook.nist.gov/cgi/cbook.cgi?ID=C62199466&Mask=4,False,False
12,"InChI=1S/C12H26/c1-4-7-8-9-11-12(6-3)10-5-2/h12H,4-11H2,1-3H3","Decane, 4-ethyl-",C1636448,False,False,False,False,False,False,,,,,https://webbook.nist.gov/cgi/cbook.cgi?ID=C1636448&Mask=4,False,False
12,"InChI=1S/C12H26/c1-4-7-9-11-12(6-3)10-8-5-2/h12H,4-11H2,1-3H3",5-Ethyldecane,C17302362,False,False,False,False,False,False,,,,,https://webbook.nist.gov/cgi/cbook.cgi?ID=C17302362&Mask=4,False,False
12,"InChI=1S/C12H26/c1-5-6-7-8-12(4)10-9-11(2)3/h11-12H,5-10H2,1-4H3","Decane, 2,5-dimethyl-",C17312504,False,False,False,False,False,False,,,,,https://webbook.nist.gov/cgi/cbook.cgi?ID=C17312504&Mask=4,False,False
12,"InChI=1S/C12H26/c1-11(2)9-7-5-6-8-10-12(3)4/h11-12H,5-10H2,1-4H3","Decane, 2,9-dimethyl-",C1002171,False,False,False,False,False,False,,,,,https://webbook.nist.gov/cgi/cbook.cgi?ID=C1002171&Mask=4,False,False
12,"InChI=1S/C12H26/c1-6-12(11(4)5)9-7-8-10(2)3/h10-12H,6-9H2,1-5H3","Octane, 3-ethyl-2,7-dimethyl-",C62183555,False,False,False,False,False,False,,,,,https://webbook.nist.gov/cgi/cbook.cgi?ID=C62183555&Mask=4,False,False
12,"InChI=1S/C12H26/c1-5-7-8-12(4)10-9-11(3)6-2/h11-12H,5-10H2,1-4H3","Decane, 3,6-dimethyl-",C17312537,False,False,False,False,False,False,,,,,https://webbook.nist.gov/cgi/cbook.cgi?ID=C17312537&Mask=4,False,False
12,"InChI=1S/C12H26/c1-7-9(3)11(5)12(6)10(4)8-2/h9-12H,7-8H2,1-6H3","Octane, 3,4,5,6-tetramethyl-",C62185211,False,False,False,False,False,False,,,,,https://webbook.nist.gov/cgi/cbook.cgi?ID=C62185211&Mask=4,False,False
12,"InChI=1S/C12H26/c1-6-7-8-9-10-11(2)12(3,4)5/h11H,6-10H2,1-5H3","Nonane, 2,2,3-trimethyl-",C55499042,False,False,False,False,False,False,,,,,https://webbook.nist.gov/cgi/cbook.cgi?ID=C55499042&Mask=4,False,False
12,"InChI=1S/C12H26/c1-4-7-8-9-10-11-12(5-2)6-3/h12H,4-11H2,1-3H3",3-ethyldecane,C17085960,True,False,False,False,False,False,,,,482.0,https://webbook.nist.gov/cgi/cbook.cgi?ID=C17085960&Mask=4,False,False
12,"InChI=1S/C12H26/c1-9(2)7-12(11(5)6)8-10(3)4/h9-12H,7-8H2,1-6H3","heptane, 2,6-dimethyl-4-(1-methylethyl)-",C35866898,False,False,False,False,False,False,,,,,https://webbook.nist.gov/cgi/cbook.cgi?ID=C35866898&Mask=4,False,False
12,"InChI=1S/C12H26/c1-6-7-11(4)9-12(5)8-10(2)3/h10-12H,6-9H2,1-5H3","2,4,6-Trimethylnonane",C62184105,False,False,False,False,False,False,,,,,https://webbook.nist.gov/cgi/cbook.cgi?ID=C62184105&Mask=4,False,False
12,"InChI=1S/C12H26/c1-9(11(3,4)5)10(2)12(6,7)8/h9-10H,1-8H3","2,2,3,4,5,5-hexamethylhexane / hexane, 2,2,3,4,5,5-hexamethyl-, (R*,R*)-(.+-.)- / Hexane, 2,2,3,4,5,5-hexamethyl-, (3R,4S)-rel-",C62185142 C55258156 C55258167,True,False,False,False,False,False,,,,465.,https://webbook.nist.gov/cgi/cbook.cgi?ID=C62185142&Mask=4 https://webbook.nist.gov/cgi/cbook.cgi?ID=C55258156&Mask=4 https://webbook.nist.gov/cgi/cbook.cgi?ID=C55258167&Mask=4,False,False
12,"InChI=1S/C12H26/c1-5-9-12(8-4,10-6-2)11-7-3/h5-11H2,1-4H3",4-ethyl-4-propylheptane,C17312435,False,False,False,False,False,False,,,,,https://webbook.nist.gov/cgi/cbook.cgi?ID=C17312435&Mask=4,False,False
12,"InChI=1S/C12H26/c1-10(2)6-8-12(5)9-7-11(3)4/h10-12H,6-9H2,1-5H3","2,5,8-trimethylnonane",C49557097,True,False,False,False,False,False,,,,463.,https://webbook.nist.gov/cgi/cbook.cgi?ID=C49557097&Mask=4,False,False
12,"InChI=1S/C12H26/c1-5-9-10-11-12(6-2,7-3)8-4/h5-11H2,1-4H3","octane, 3,3-diethyl-",C17302408,True,False,False,False,False,False,,,,478.,https://webbook.nist.gov/cgi/cbook.cgi?ID=C17302408&Mask=4,False,False
12,"InChI=1S/C12H26/c1-7-11(8-2)9-10(3)12(4,5)6/h10-11H,7-9H2,1-6H3","Heptane, 5-ethyl-2,2,3-trimethyl-",C62199068,False,False,False,False,False,False,,,,,https://webbook.nist.gov/cgi/cbook.cgi?ID=C62199068&Mask=4,False,False
12,"InChI=1S/C12H26/c1-9(2)12(8,10(3)4)11(5,6)7/h9-10H,1-8H3","pentane, 2,2,3,4-tetramethyl-3-(1-methylethyl)-",C62185175,False,False,False,False,False,False,,,,,https://webbook.nist.gov/cgi/cbook.cgi?ID=C62185175&Mask=4,False,False
12,"InChI=1S/C12H26/c1-9(2)11(5)7-8-12(6)10(3)4/h9-12H,7-8H2,1-6H3","Octane, 2,3,6,7-tetramethyl-",C52670345,False,False,False,False,False,False,,,,,https://webbook.nist.gov/cgi/cbook.cgi?ID=C52670345&Mask=4,False,False
12,"InChI=1S/C12H26/c1-7-8-9-12(5,6)10-11(2,3)4/h7-10H2,1-6H3","2,2,4,4-Tetramethyloctane",C62183793,False,False,False,False,False,False,,,,,https://webbook.nist.gov/cgi/cbook.cgi?ID=C62183793&Mask=4,False,False
12,"InChI=1S/C12H26/c1-8-9-10(11(2,3)4)12(5,6)7/h10H,8-9H2,1-7H3","hexane, 3-(1,1-dimethylethyl)-2,2-dimethyl-",C62199762,False,False,False,False,False,False,,,,,https://webbook.nist.gov/cgi/cbook.cgi?ID=C62199762&Mask=4,False,False
12,"InChI=1S/C12H26/c1-7-9-12(8-2,10(3)4)11(5)6/h10-11H,7-9H2,1-6H3","hexane, 3-ethyl-2-methyl-3-(1-methylethyl)-",C62199773,False,False,False,False,False,False,,,,,https://webbook.nist.gov/cgi/cbook.cgi?ID=C62199773&Mask=4,False,False
12,"InChI=1S/C12H26/c1-9(2)8-12(7,10(3)4)11(5)6/h9-11H,8H2,1-7H3","hexane, 2,3,5-trimethyl-3-(1-methylethyl)-",C62199842,False,False,False,False,False,False,,,,,https://webbook.nist.gov/cgi/cbook.cgi?ID=C62199842&Mask=4,False,False
12,"InChI=1S/C12H26/c1-7-8-11(9-10(2)3)12(4,5)6/h10-11H,7-9H2,1-6H3","heptane, 4-(1,1-dimethylethyl)-2-methyl-",C62185233,False,False,False,False,False,False,,,,,https://webbook.nist.gov/cgi/cbook.cgi?ID=C62185233&Mask=4,False,False
12,"InChI=1S/C12H26/c1-7-11(6)12(10(4)5)8-9(2)3/h9-12H,7-8H2,1-6H3","heptane, 2,5-dimethyl-4-(1-methylethyl)-",C62185448,False,False,False,False,False,False,,,,,https://webbook.nist.gov/cgi/cbook.cgi?ID=C62185448&Mask=4,False,False
12,"InChI=1S/C12H26/c1-5-7-8-9-10-12(4)11(3)6-2/h11-12H,5-10H2,1-4H3","Decane, 3,4-dimethyl-",C17312457,False,False,False,False,False,False,,,,,https://webbook.nist.gov/cgi/cbook.cgi?ID=C17312457&Mask=4,False,False
12,"InChI=1S/C12H26/c1-8-11(9(2)3)10(4)12(5,6)7/h9-11H,8H2,1-7H3","hexane, 4-ethyl-2,2,3,5-tetramethyl-",C62185028,False,False,False,False,False,False,,,,,https://webbook.nist.gov/cgi/cbook.cgi?ID=C62185028&Mask=4,False,False
12,"InChI=1S/C12H26/c1-8-10(11(3,4)5)12(6,7)9-2/h10H,8-9H2,1-7H3","hexane, 3-ethyl-2,2,4,4-tetramethyl-",C62185039,False,False,False,False,False,False,,,,,https://webbook.nist.gov/cgi/cbook.cgi?ID=C62185039&Mask=4,False,False
12,"InChI=1S/C12H26/c1-8-10(12(5,6)7)9-11(2,3)4/h10H,8-9H2,1-7H3","hexane, 3-ethyl-2,2,5,5-tetramethyl-",C62185062,False,False,False,False,False,False,,,,,https://webbook.nist.gov/cgi/cbook.cgi?ID=C62185062&Mask=4,False,False
12,"InChI=1S/C12H26/c1-7-11(10(4)5)12(6,8-2)9-3/h10-11H,7-9H2,1-6H3","hexane, 3,4-diethyl-2,4-dimethyl-",C62184934,False,False,False,False,False,False,,,,,https://webbook.nist.gov/cgi/cbook.cgi?ID=C62184934&Mask=4,False,False
12,"InChI=1S/C12H26/c1-7-11(5,8-2)12(6,9-3)10-4/h7-10H2,1-6H3","hexane, 3,4-diethyl-3,4-dimethyl-",C62184978,False,False,False,False,False,False,,,,,https://webbook.nist.gov/cgi/cbook.cgi?ID=C62184978&Mask=4,False,False
12,"InChI=1S/C12H26/c1-7-9-12(6,8-2)11(5)10(3)4/h10-11H,7-9H2,1-6H3","heptane, 4-ethyl-2,3,4-trimethyl-",C62198554,False,False,False,False,False,False,,,,,https://webbook.nist.gov/cgi/cbook.cgi?ID=C62198554&Mask=4,False,False
12,"InChI=1S/C12H26/c1-7-10(5)12(8-2)11(6)9(3)4/h9-12H,7-8H2,1-6H3","heptane, 4-ethyl-2,3,5-trimethyl-",C62198587,False,False,False,False,False,False,,,,,https://webbook.nist.gov/cgi/cbook.cgi?ID=C62198587&Mask=4,False,False
12,"InChI=1S/C12H26/c1-7-11(8-2)12(5,6)9-10(3)4/h10-11H,7-9H2,1-6H3","heptane, 5-ethyl-2,4,4-trimethyl-",C62198645,False,False,False,False,False,False,,,,,https://webbook.nist.gov/cgi/cbook.cgi?ID=C62198645&Mask=4,False,False
12,"InChI=1S/C12H26/c1-7-11(5)12(6,8-2)9-10(3)4/h10-11H,7-9H2,1-6H3","heptane, 4-ethyl-2,4,5-trimethyl-",C62198667,False,False,False,False,False,False,,,,,https://webbook.nist.gov/cgi/cbook.cgi?ID=C62198667&Mask=4,False,False
12,"InChI=1S/C12H26/c1-7-11(8-2)10(4)12(5,6)9-3/h10-11H,7-9H2,1-6H3","heptane, 5-ethyl-3,3,4-trimethyl-",C62198736,False,False,False,False,False,False,,,,,https://webbook.nist.gov/cgi/cbook.cgi?ID=C62198736&Mask=4,False,False
12,"InChI=1S/C12H26/c1-7-10(3)11(8-2)9-12(4,5)6/h10-11H,7-9H2,1-6H3","heptane, 4-ethyl-2,2,5-trimethyl-",C62199115,False,False,False,False,False,False,,,,,https://webbook.nist.gov/cgi/cbook.cgi?ID=C62199115&Mask=4,False,False
12,"InChI=1S/C12H26/c1-7-11(8-2)9-12(5,6)10(3)4/h10-11H,7-9H2,1-6H3","heptane, 5-ethyl-2,3,3-trimethyl-",C62199171,False,False,False,False,False,False,,,,,https://webbook.nist.gov/cgi/cbook.cgi?ID=C62199171&Mask=4,False,False
12,"InChI=1S/C12H26/c1-7-10(8-2)11(9-3)12(4,5)6/h10-11H,7-9H2,1-6H3","hexane, 3,4-diethyl-2,2-dimethyl-",C62199897,False,False,False,False,False,False,,,,,https://webbook.nist.gov/cgi/cbook.cgi?ID=C62199897&Mask=4,False,False
12,"InChI=1S/C12H26/c1-4-7-10-12(9-6-3)11-8-5-2/h12H,4-11H2,1-3H3","Nonane, 5-propyl-",C998356,False,False,False,False,False,False,,,,,https://webbook.nist.gov/cgi/cbook.cgi?ID=C998356&Mask=4,False,False
12,"InChI=1S/C12H26/c1-8-10(2)12(6,7)9-11(3,4)5/h10H,8-9H2,1-7H3","heptane, 2,2,4,4,5-pentamethyl-",C62199615,False,False,False,False,False,False,,,,,https://webbook.nist.gov/cgi/cbook.cgi?ID=C62199615&Mask=4,False,False
12,"InChI=1S/C12H26/c1-9(2)11(4)10(3)8-12(5,6)7/h9-11H,8H2,1-7H3","heptane, 2,2,4,5,6-pentamethyl-",C62199648,False,False,False,False,False,False,,,,,https://webbook.nist.gov/cgi/cbook.cgi?ID=C62199648&Mask=4,False,False
12,"InChI=1S/C12H26/c1-8-10(4)11(5)12(6,7)9(2)3/h9-11H,8H2,1-7H3","heptane, 2,3,3,4,5-pentamethyl-",C62199671,False,False,False,False,False,False,,,,,https://webbook.nist.gov/cgi/cbook.cgi?ID=C62199671&Mask=4,False,False
12,"InChI=1S/C12H26/c1-8-10(4)12(6,7)11(5)9(2)3/h9-11H,8H2,1-7H3","heptane, 2,3,4,4,5-pentamethyl-",C62199706,False,False,False,False,False,False,,,,,https://webbook.nist.gov/cgi/cbook.cgi?ID=C62199706&Mask=4,False,False
12,"InChI=1S/C12H26/c1-9(2)8-12(6,7)11(5)10(3)4/h9-11H,8H2,1-7H3","heptane, 2,3,4,4,6-pentamethyl-",C62199717,False,False,False,False,False,False,,,,,https://webbook.nist.gov/cgi/cbook.cgi?ID=C62199717&Mask=4,False,False
12,"InChI=1S/C12H26/c1-8-11(4,5)10(3)12(6,7)9-2/h10H,8-9H2,1-7H3","heptane, 3,3,4,5,5-pentamethyl-",C62199751,False,False,False,False,False,False,,,,,https://webbook.nist.gov/cgi/cbook.cgi?ID=C62199751&Mask=4,False,False
12,"InChI=1S/C12H26/c1-6-12(7-2,8-3)10-9-11(4)5/h11H,6-10H2,1-5H3","heptane, 5,5-diethyl-2-methyl-",C62198952,False,False,False,False,False,False,,,,,https://webbook.nist.gov/cgi/cbook.cgi?ID=C62198952&Mask=4,False,False
12,"InChI=1S/C12H26/c1-6-10(5)12(9-4)11(7-2)8-3/h10-12H,6-9H2,1-5H3","heptane, 3,4-diethyl-5-methyl-",C62198996,False,False,False,False,False,False,,,,,https://webbook.nist.gov/cgi/cbook.cgi?ID=C62198996&Mask=4,False,False
12,"InChI=1S/C12H26/c1-6-10-11(5)12(7-2,8-3)9-4/h11H,6-10H2,1-5H3","heptane, 3,3-diethyl-4-methyl-",C62199013,False,False,False,False,False,False,,,,,https://webbook.nist.gov/cgi/cbook.cgi?ID=C62199013&Mask=4,False,False
12,"InChI=1S/C12H26/c1-6-11(7-2)10(5)12(8-3)9-4/h10-12H,6-9H2,1-5H3","heptane, 3,5-diethyl-4-methyl-",C62199035,False,False,False,False,False,False,,,,,https://webbook.nist.gov/cgi/cbook.cgi?ID=C62199035&Mask=4,False,False
12,"InChI=1S/C12H26/c1-6-7-8-9-12(10(2)3)11(4)5/h10-12H,6-9H2,1-5H3","octane, 3-isopropyl-2-methyl-",C13287199,False,False,False,False,False,False,,,,,https://webbook.nist.gov/cgi/cbook.cgi?ID=C13287199&Mask=4,False,False
12,"InChI=1S/C12H26/c1-6-10(4)11(5)9-12(7-2)8-3/h10-12H,6-9H2,1-5H3","octane, 6-ethyl-3,4-dimethyl-",C62183624,False,False,False,False,False,False,,,,,https://webbook.nist.gov/cgi/cbook.cgi?ID=C62183624&Mask=4,False,False
12,"InChI=1S/C12H26/c1-6-8-12(7-2)9-11(5)10(3)4/h10-12H,6-9H2,1-5H3","octane, 5-ethyl-2,3-dimethyl-",C62184014,False,False,False,False,False,False,,,,,https://webbook.nist.gov/cgi/cbook.cgi?ID=C62184014&Mask=4,False,False
12,"InChI=1S/C12H26/c1-6-8-12(7-2)11(5)9-10(3)4/h10-12H,6-9H2,1-5H3","octane, 5-ethyl-2,4-dimethyl-",C62184058,False,False,False,False,False,False,,,,,https://webbook.nist.gov/cgi/cbook.cgi?ID=C62184058&Mask=4,False,False
12,"InChI=1S/C12H26/c1-9(2)11(5)8-12(6,7)10(3)4/h9-11H,8H2,1-7H3","2,3,3,5,6-pentamethylheptane",C52670356,False,False,False,False,False,False,,,,,https://webbook.nist.gov/cgi/cbook.cgi?ID=C52670356&Mask=4,False,False
12,"InChI=1S/C12H26/c1-9(2)11(5,6)12(7,8)10(3)4/h9-10H,1-8H3","2,3,3,4,4,5-hexamethylhexane",C52670367,False,False,False,False,False,False,,,,,https://webbook.nist.gov/cgi/cbook.cgi?ID=C52670367&Mask=4,False,False
12,"InChI=1S/C12H26/c1-7-10(4)12(6)8-11(5)9(2)3/h9-12H,7-8H2,1-6H3","2,3,5,6,7-pentamethylheptane",C27574987,False,False,False,False,False,False,,,,,https://webbook.nist.gov/cgi/cbook.cgi?ID=C27574987&Mask=4,False,False
12,"InChI=1S/C12H26/c1-7-9-11(4)12(5,6)10(3)8-2/h10-11H,7-9H2,1-6H3","octane, 3,4,4,5-tetramethyl-",C62199477,False,False,False,False,False,False,,,,,https://webbook.nist.gov/cgi/cbook.cgi?ID=C62199477&Mask=4,False,False
12,"InChI=1S/C12H26/c1-6-7-12(8-10(2)3)9-11(4)5/h10-12H,6-9H2,1-5H3","2,6-dimethyl-4-propylheptane",C62185335,False,False,False,False,False,False,,,,,https://webbook.nist.gov/cgi/cbook.cgi?ID=C62185335&Mask=4,False,False
12,"InChI=1S/C12H26/c1-7-8-10(4)12(6)11(5)9(2)3/h9-12H,7-8H2,1-6H3","octane, 2,3,4,5-tetramethyl-",C62199273,False,False,False,False,False,False,,,,,https://webbook.nist.gov/cgi/cbook.cgi?ID=C62199273&Mask=4,False,False
12,"InChI=1S/C12H26/c1-7-10(4)8-11(5)12(6)9(2)3/h9-12H,7-8H2,1-6H3","octane, 2,3,4,6-tetramethyl-",C62199284,False,False,False,False,False,False,,,,,https://webbook.nist.gov/cgi/cbook.cgi?ID=C62199284&Mask=4,False,False
12,"InChI=1S/C12H26/c1-7-8-12(5,6)9-11(4)10(2)3/h10-11H,7-9H2,1-6H3","octane, 2,3,5,5-tetramethyl-",C62199308,False,False,False,False,False,False,,,,,https://webbook.nist.gov/cgi/cbook.cgi?ID=C62199308&Mask=4,False,False
12,"InChI=1S/C12H26/c1-7-11(4)12(5,6)9-8-10(2)3/h10-11H,7-9H2,1-6H3","octane, 2,5,5,6-tetramethyl-",C62199397,False,False,False,False,False,False,,,,,https://webbook.nist.gov/cgi/cbook.cgi?ID=C62199397&Mask=4,False,False
12,"InChI=1S/C12H26/c1-7-9-12(5,6)10-11(3,4)8-2/h7-10H2,1-6H3","octane, 3,3,5,5-tetramethyl-",C62199444,False,False,False,False,False,False,,,,,https://webbook.nist.gov/cgi/cbook.cgi?ID=C62199444&Mask=4,False,False
12,"InChI=1S/C12H26/c1-6-12(7-2)11(5)9-8-10(3)4/h10-12H,6-9H2,1-5H3","6-ethyl-2,5-dimethyloctane",C62183500,False,False,False,False,False,False,,,,,https://webbook.nist.gov/cgi/cbook.cgi?ID=C62183500&Mask=4,False,False
12,"InChI=1S/C12H26/c1-6-11(5)12(7-2)9-8-10(3)4/h10-12H,6-9H2,1-5H3","5-ethyl-2,6-dimethyloctane",C62183533,False,False,False,False,False,False,,,,,https://webbook.nist.gov/cgi/cbook.cgi?ID=C62183533&Mask=4,False,False
12,"InChI=1S/C12H26/c1-6-9-10-11(7-2)12(4,5)8-3/h11H,6-10H2,1-5H3","4-ethyl-3,3-dimethyloctane",C62183577,False,False,False,False,False,False,,,,,https://webbook.nist.gov/cgi/cbook.cgi?ID=C62183577&Mask=4,False,False
12,"InChI=1S/C12H26/c1-6-9-11(7-2)10-12(4,5)8-3/h11H,6-10H2,1-5H3","5-ethyl-3,3-dimethyloctane",C62183588,False,False,False,False,False,False,,,,,https://webbook.nist.gov/cgi/cbook.cgi?ID=C62183588&Mask=4,False,False
12,"InChI=1S/C12H26/c1-6-9-12(5,8-3)10-11(4)7-2/h11H,6-10H2,1-5H3","5-ethyl-3,5-dimethyloctane",C62183657,False,False,False,False,False,False,,,,,https://webbook.nist.gov/cgi/cbook.cgi?ID=C62183657&Mask=4,False,False
12,"InChI=1S/C12H26/c1-6-9-10(4)11(5)12(7-2)8-3/h10-12H,6-9H2,1-5H3","3-ethyl-4,5-dimethyloctane",C62183726,False,False,False,False,False,False,,,,,https://webbook.nist.gov/cgi/cbook.cgi?ID=C62183726&Mask=4,False,False
12,"InChI=1S/C12H26/c1-6-8-9-11(7-2)10-12(3,4)5/h11H,6-10H2,1-5H3","4-ethyl-2,2-dimethyloctane",C62183964,False,False,False,False,False,False,,,,,https://webbook.nist.gov/cgi/cbook.cgi?ID=C62183964&Mask=4,False,False
12,"InChI=1S/C12H26/c1-5-7-9-12(8-6-2)10-11(3)4/h11-12H,5-10H2,1-4H3","octane, 2-methyl-4-propyl-",C62184332,False,False,False,False,False,False,,,,,https://webbook.nist.gov/cgi/cbook.cgi?ID=C62184332&Mask=4,False,False
12,"InChI=1S/C12H26/c1-5-8-10-12(9-6-2)11(4)7-3/h11-12H,5-10H2,1-4H3","octane, 3-methyl-4-propyl-",C62184354,False,False,False,False,False,False,,,,,https://webbook.nist.gov/cgi/cbook.cgi?ID=C62184354&Mask=4,False,False
12,"InChI=1S/C12H26/c1-5-9-12(10-6-2)11(7-3)8-4/h11-12H,5-10H2,1-4H3","heptane, 3-ethyl-4-propyl-",C62185266,False,False,False,False,False,False,,,,,https://webbook.nist.gov/cgi/cbook.cgi?ID=C62185266&Mask=4,False,False
12,"InChI=1S/C12H26/c1-7-8-9-10-12(5,6)11(2,3)4/h7-10H2,1-6H3","2,2,3,3-tetramethyloctane",C62183748,False,False,False,False,False,False,,,,,https://webbook.nist.gov/cgi/cbook.cgi?ID=C62183748&Mask=4,False,False
12,"InChI=1S/C12H26/c1-10(2)7-8-11(3)9-12(4,5)6/h10-11H,7-9H2,1-6H3","2,2,4,7-tetramethyloctane",C62183828,False,False,False,False,False,False,,,,,https://webbook.nist.gov/cgi/cbook.cgi?ID=C62183828&Mask=4,False,False
12,"InChI=1S/C12H26/c1-5-7-8-9-12(6-2)10-11(3)4/h11-12H,5-10H2,1-4H3","nonane, 4-ethyl-2-methyl-",C62184376,False,False,False,False,False,False,,,,,https://webbook.nist.gov/cgi/cbook.cgi?ID=C62184376&Mask=4,False,False
12,"InChI=1S/C12H26/c1-5-8-12(6-2)10-7-9-11(3)4/h11-12H,5-10H2,1-4H3","nonane, 6-ethyl-2-methyl-",C62184398,False,False,False,False,False,False,,,,,https://webbook.nist.gov/cgi/cbook.cgi?ID=C62184398&Mask=4,False,False
12,"InChI=1S/C12H26/c1-5-8-12(7-3)10-9-11(4)6-2/h11-12H,5-10H2,1-4H3","nonane, 6-ethyl-3-methyl-",C62184434,False,False,False,False,False,False,,,,,https://webbook.nist.gov/cgi/cbook.cgi?ID=C62184434&Mask=4,False,False
12,"InChI=1S/C12H26/c1-10(2)9-11(3)7-8-12(4,5)6/h10-11H,7-9H2,1-6H3","2,2,5,7-tetramethyloctane",C62199193,False,False,False,False,False,False,,,,,https://webbook.nist.gov/cgi/cbook.cgi?ID=C62199193&Mask=4,False,False
12,"InChI=1S/C12H26/c1-6-11(4)7-8-12(5)9-10(2)3/h10-12H,6-9H2,1-5H3","nonane, 2,4,7-trimethyl-",C62184116,False,False,False,False,False,False,,,,,https://webbook.nist.gov/cgi/cbook.cgi?ID=C62184116&Mask=4,False,False
12,"InChI=1S/C12H26/c1-6-7-11(4)12(5)9-8-10(2)3/h10-12H,6-9H2,1-5H3","nonane, 2,5,6-trimethyl-",C62184138,False,False,False,False,False,False,,,,,https://webbook.nist.gov/cgi/cbook.cgi?ID=C62184138&Mask=4,False,False
12,"InChI=1S/C12H26/c1-6-12(4,5)10-8-7-9-11(2)3/h11H,6-10H2,1-5H3","nonane, 2,7,7-trimethyl-",C62184172,False,False,False,False,False,False,,,,,https://webbook.nist.gov/cgi/cbook.cgi?ID=C62184172&Mask=4,False,False
12,"InChI=1S/C12H26/c1-6-8-11(3)10-12(4,5)9-7-2/h11H,6-10H2,1-5H3","nonane, 4,4,6-trimethyl-",C62184309,False,False,False,False,False,False,,,,,https://webbook.nist.gov/cgi/cbook.cgi?ID=C62184309&Mask=4,False,False
12,"InChI=1S/C12H26/c1-6-7-8-11(2)9-10-12(3,4)5/h11H,6-10H2,1-5H3","nonane, 2,2,5-trimethyl-",C62184514,False,False,False,False,False,False,,,,,https://webbook.nist.gov/cgi/cbook.cgi?ID=C62184514&Mask=4,False,False
12,"InChI=1S/C12H26/c1-6-7-8-9-10-12(4,5)11(2)3/h11H,6-10H2,1-5H3","nonane, 2,3,3-trimethyl-",C62184558,False,False,False,False,False,False,,,,,https://webbook.nist.gov/cgi/cbook.cgi?ID=C62184558&Mask=4,False,False
12,"InChI=1S/C12H26/c1-6-7-8-9-11(4)12(5)10(2)3/h10-12H,6-9H2,1-5H3","nonane, 2,3,4-trimethyl-",C62184569,False,False,False,False,False,False,,,,,https://webbook.nist.gov/cgi/cbook.cgi?ID=C62184569&Mask=4,False,False
12,"InChI=1S/C12H26/c1-5-8-11-12(4,9-6-2)10-7-3/h5-11H2,1-4H3",4-methyl-4-propyloctane,C17312413,False,False,False,False,False,False,,,,,https://webbook.nist.gov/cgi/cbook.cgi?ID=C17312413&Mask=4,False,False
12,"InChI=1S/C12H26/c1-5-8-10-12(4,7-3)11-9-6-2/h5-11H2,1-4H3",5-ethyl-5-methylnonane,C14531169,False,False,False,False,False,False,,,,,https://webbook.nist.gov/cgi/cbook.cgi?ID=C14531169&Mask=4,False,False
12,"InChI=1S/C12H26/c1-5-8-9-11-12(4,7-3)10-6-2/h5-11H2,1-4H3",4-ethyl-4-methylnonane,C17312402,False,False,False,False,False,False,,,,,https://webbook.nist.gov/cgi/cbook.cgi?ID=C17312402&Mask=4,False,False
12,"InChI=1S/C12H26/c1-5-7-11(3)9-10-12(4)8-6-2/h11-12H,5-10H2,1-4H3","decane, 4,7-dimethyl-",C17312560,False,False,False,False,False,False,,,,,https://webbook.nist.gov/cgi/cbook.cgi?ID=C17312560&Mask=4,False,False
12,"InChI=1S/C12H26/c1-10(2)7-6-8-12(5)9-11(3)4/h10-12H,6-9H2,1-5H3","2,6,8-trimethylnonane",C49542747,False,False,False,False,False,False,,,,,https://webbook.nist.gov/cgi/cbook.cgi?ID=C49542747&Mask=4,False,False
12,"InChI=1S/C12H26/c1-6-10(3)8-9-12(5)11(4)7-2/h10-12H,6-9H2,1-5H3","3,4,7-trimethylnonane",C27802853,False,False,False,False,False,False,,,,,https://webbook.nist.gov/cgi/cbook.cgi?ID=C27802853&Mask=4,False,False
12,"InChI=1S/C12H26/c1-5-7-8-9-12(4)10-11(3)6-2/h11-12H,5-10H2,1-4H3","decane, 3,5-dimethyl-",C17312480,False,False,False,False,False,False,,,,,https://webbook.nist.gov/cgi/cbook.cgi?ID=C17312480&Mask=4,False,False
12,"InChI=1S/C12H26/c1-5-7-9-12(4)10-11(3)8-6-2/h11-12H,5-10H2,1-4H3","decane, 4,6-dimethyl-",C17312491,False,False,False,False,False,False,,,,,https://webbook.nist.gov/cgi/cbook.cgi?ID=C17312491&Mask=4,False,False
12,"InChI=1S/C12H26/c1-5-8-12(4)10-7-6-9-11(2)3/h11-12H,5-10H2,1-4H3","decane, 2,7-dimethyl-",C17312515,False,False,False,False,False,False,,,,,https://webbook.nist.gov/cgi/cbook.cgi?ID=C17312515&Mask=4,False,False
12,"InChI=1S/C12H26/c1-5-12(4)10-8-6-7-9-11(2)3/h11-12H,5-10H2,1-4H3","decane, 2,8-dimethyl-",C17312526,False,False,False,False,False,False,,,,,https://webbook.nist.gov/cgi/cbook.cgi?ID=C17312526&Mask=4,False,False
12,"InChI=1S/C12H26/c1-5-7-8-10-12(4)11(3)9-6-2/h11-12H,5-10H2,1-4H3","4,5-dimethyldecane",C17312468,False,False,False,False,False,False,,,,,https://webbook.nist.gov/cgi/cbook.cgi?ID=C17312468&Mask=4,False,False
12,"InChI=1S/C12H26/c1-5-7-9-11-12(3,4)10-8-6-2/h5-11H2,1-4H3","5,5-dimethyldecane",C17453928,False,False,False,False,False,False,,,,,https://webbook.nist.gov/cgi/cbook.cgi?ID=C17453928&Mask=4,False,False
12,"InChI=1S/C12H26/c1-5-7-8-9-10-11-12(3,4)6-2/h5-11H2,1-4H3","3,3-dimethyldecane",C17302384,False,False,False,False,False,False,,,,,https://webbook.nist.gov/cgi/cbook.cgi?ID=C17302384&Mask=4,False,False
12,"InChI=1S/C12H26/c1-5-7-8-9-11-12(3,4)10-6-2/h5-11H2,1-4H3","4,4-dimethyldecane",C17312399,False,False,False,False,False,False,,,,,https://webbook.nist.gov/cgi/cbook.cgi?ID=C17312399&Mask=4,False,False
12,"InChI=1S/C12H26/c1-5-9-11-12(7-3,8-4)10-6-2/h5-11H2,1-4H3","4,4-diethyloctane",C17312424,False,False,False,False,False,False,,,,,https://webbook.nist.gov/cgi/cbook.cgi?ID=C17312424&Mask=4,False,False
13,"InChI=1S/C13H28/c1-3-5-7-9-11-13-12-10-8-6-4-2/h3-13H2,1-2H3",Tridecane,C629505,True,True,True,False,False,True,"66.43 (N/A; Majer and Svoboda, 1985) | 66.7 (N/A; Ruzicka and Majer, 1994) | 66.5 ± 0.2 (C; Sunner and Svensson, 1979) | 66.4 ± 0.3 (C; Morawetz, 1972) | 66.2 (N/A; Reid, 1972)",,"Sunner and Svensson, 1979 | Viton, Chavret, et al., 1996",507. ± 2.,https://webbook.nist.gov/cgi/cbook.cgi?ID=C629505&Mask=4,False,True
13,"InChI=1S/C13H28/c1-5-6-7-10-13(4)11-8-9-12(2)3/h12-13H,5-11H2,1-4H3","Undecane, 2,6-dimethyl-",C17301234,False,False,False,False,False,False,,,,,https://webbook.nist.gov/cgi/cbook.cgi?ID=C17301234&Mask=4,False,False
13,"InChI=1S/C13H28/c1-4-6-7-8-9-10-11-12-13(3)5-2/h13H,4-12H2,1-3H3","Dodecane, 3-methyl-",C17312571,False,False,False,False,False,False,,,,,https://webbook.nist.gov/cgi/cbook.cgi?ID=C17312571&Mask=4,False,False
13,"InChI=1S/C13H28/c1-4-6-8-9-10-12-13(3)11-7-5-2/h13H,4-12H2,1-3H3","Dodecane, 5-methyl-",C17453939,False,False,False,False,False,False,,,,,https://webbook.nist.gov/cgi/cbook.cgi?ID=C17453939&Mask=4,False,False
13,"InChI=1S/C13H28/c1-4-6-7-8-9-10-12-13(3)11-5-2/h13H,4-12H2,1-3H3","Dodecane, 4-methyl-",C6117971,False,False,False,False,False,False,,,,,https://webbook.nist.gov/cgi/cbook.cgi?ID=C6117971&Mask=4,False,False
13,"InChI=1S/C13H28/c1-4-5-6-7-8-9-10-11-12-13(2)3/h13H,4-12H2,1-3H3","Dodecane, 2-methyl-",C1560970,False,False,False,False,False,False,,,,,https://webbook.nist.gov/cgi/cbook.cgi?ID=C1560970&Mask=4,False,False
13,"InChI=1S/C13H28/c1-4-6-8-10-12-13(3)11-9-7-5-2/h13H,4-12H2,1-3H3","Dodecane, 6-methyl-",C6044719,False,False,False,False,False,False,,,,,https://webbook.nist.gov/cgi/cbook.cgi?ID=C6044719&Mask=4,False,False
13,"InChI=1S/C13H28/c1-5-6-7-8-9-10-13(4)11-12(2)3/h12-13H,5-11H2,1-4H3","Undecane, 2,4-dimethyl-",C17312800,False,False,False,False,False,False,,,,,https://webbook.nist.gov/cgi/cbook.cgi?ID=C17312800&Mask=4,False,False
13,"InChI=1S/C13H28/c1-11(2,3)10(12(4,5)6)13(7,8)9/h10H,1-9H3",Tri-t-butylmethane,C35660969,False,False,False,False,False,False,,,,,https://webbook.nist.gov/cgi/cbook.cgi?ID=C35660969&Mask=4,False,False
13,"InChI=1S/C13H28/c1-5-13(4)11-9-7-6-8-10-12(2)3/h12-13H,5-11H2,1-4H3","Undecane, 2,9-dimethyl-",C17301267,False,False,False,False,False,False,,,,,https://webbook.nist.gov/cgi/cbook.cgi?ID=C17301267&Mask=4,False,False
13,"InChI=1S/C13H28/c1-5-7-8-10-13(4)11-12(3)9-6-2/h12-13H,5-11H2,1-4H3","Undecane, 4,6-dimethyl-",C17312822,False,False,False,False,False,False,,,,,https://webbook.nist.gov/cgi/cbook.cgi?ID=C17312822&Mask=4,False,False
13,"InChI=1S/C13H28/c1-5-7-8-9-10-13(4)11-12(3)6-2/h12-13H,5-11H2,1-4H3","Undecane, 3,5-dimethyl-",C17312811,False,False,False,False,False,False,,,,,https://webbook.nist.gov/cgi/cbook.cgi?ID=C17312811&Mask=4,False,False
13,"InChI=1S/C13H28/c1-5-7-8-9-11-13(4)12(3)10-6-2/h12-13H,5-11H2,1-4H3","Undecane, 4,5-dimethyl-",C17312797,False,False,False,False,False,False,,,,,https://webbook.nist.gov/cgi/cbook.cgi?ID=C17312797&Mask=4,False,False
13,"InChI=1S/C13H28/c1-5-7-9-11-13(4)12(3)10-8-6-2/h12-13H,5-11H2,1-4H3","Undecane, 5,6-dimethyl-",C17615917,False,False,False,False,False,False,,,,,https://webbook.nist.gov/cgi/cbook.cgi?ID=C17615917&Mask=4,False,False
13,"InChI=1S/C13H28/c1-5-7-8-9-10-11-13(4)12(3)6-2/h12-13H,5-11H2,1-4H3","Undecane, 3,4-dimethyl-",C17312786,False,False,False,False,False,False,,,,,https://webbook.nist.gov/cgi/cbook.cgi?ID=C17312786&Mask=4,False,False
13,"InChI=1S/C13H28/c1-5-6-7-8-9-10-11-13(4)12(2)3/h12-13H,5-11H2,1-4H3","Undecane, 2,3-dimethyl-",C17312775,False,False,False,False,False,False,,,,,https://webbook.nist.gov/cgi/cbook.cgi?ID=C17312775&Mask=4,False,False
13,"InChI=1S/C13H28/c1-5-6-7-8-9-13(4)11-10-12(2)3/h12-13H,5-11H2,1-4H3","Undecane, 2,5-dimethyl-",C17301223,True,False,False,False,False,False,,,,488.15,https://webbook.nist.gov/cgi/cbook.cgi?ID=C17301223&Mask=4,False,False
13,"InChI=1S/C13H28/c1-5-7-9-12(3)11-13(4)10-8-6-2/h12-13H,5-11H2,1-4H3","Undecane, 5,7-dimethyl-",C17312833,False,False,False,False,False,False,,,,,https://webbook.nist.gov/cgi/cbook.cgi?ID=C17312833&Mask=4,False,False
13,"InChI=1S/C13H28/c1-12(2)10-8-6-5-7-9-11-13(3)4/h12-13H,5-11H2,1-4H3","Undecane, 2,10-dimethyl-",C17301278,True,False,False,False,False,False,,,,491.4,https://webbook.nist.gov/cgi/cbook.cgi?ID=C17301278&Mask=4,False,False
13,"InChI=1S/C13H28/c1-5-6-10-13(4)11-8-7-9-12(2)3/h12-13H,5-11H2,1-4H3","Undecane, 2,7-dimethyl-",C17301245,False,False,False,False,False,False,,,,,https://webbook.nist.gov/cgi/cbook.cgi?ID=C17301245&Mask=4,False,False
13,"InChI=1S/C13H28/c1-5-7-9-13(4)11-8-10-12(3)6-2/h12-13H,5-11H2,1-4H3","Undecane, 3,7-dimethyl-",C17301290,False,False,False,False,False,False,,,,,https://webbook.nist.gov/cgi/cbook.cgi?ID=C17301290&Mask=4,False,False
13,"InChI=1S/C13H28/c1-5-6-7-8-9-10-11-12-13(2,3)4/h5-12H2,1-4H3","Undecane, 2,2-dimethyl-",C17312640,False,False,False,False,False,False,,,,,https://webbook.nist.gov/cgi/cbook.cgi?ID=C17312640&Mask=4,False,False
13,"InChI=1S/C13H28/c1-5-12(3)10-8-7-9-11-13(4)6-2/h12-13H,5-11H2,1-4H3","Undecane, 3,9-dimethyl-",C17301314,False,False,False,False,False,False,,,,,https://webbook.nist.gov/cgi/cbook.cgi?ID=C17301314&Mask=4,False,False
13,"InChI=1S/C13H28/c1-5-7-8-9-13(4)11-10-12(3)6-2/h12-13H,5-11H2,1-4H3","Undecane, 3,6-dimethyl-",C17301289,False,False,False,False,False,False,,,,,https://webbook.nist.gov/cgi/cbook.cgi?ID=C17301289&Mask=4,False,False
13,"InChI=1S/C13H28/c1-5-9-13(4)11-8-6-7-10-12(2)3/h12-13H,5-11H2,1-4H3","Undecane, 2,8-dimethyl-",C17301256,False,False,False,False,False,False,,,,,https://webbook.nist.gov/cgi/cbook.cgi?ID=C17301256&Mask=4,False,False
13,"InChI=1S/C13H28/c1-5-7-8-9-10-11-12-13(3,4)6-2/h5-12H2,1-4H3","Undecane, 3,3-dimethyl-",C17312651,False,False,False,False,False,False,,,,,https://webbook.nist.gov/cgi/cbook.cgi?ID=C17312651&Mask=4,False,False
13,"InChI=1S/C13H28/c1-5-7-9-13(4)11-10-12(3)8-6-2/h12-13H,5-11H2,1-4H3","Undecane, 4,7-dimethyl-",C17301325,False,False,False,False,False,False,,,,,https://webbook.nist.gov/cgi/cbook.cgi?ID=C17301325&Mask=4,False,False
13,"InChI=1S/C13H28/c1-7-9-12(3,4)11-13(5,6)10-8-2/h7-11H2,1-6H3","4,4,6,6-Tetramethylnonane",C74286934,False,False,False,False,False,False,,,,,https://webbook.nist.gov/cgi/cbook.cgi?ID=C74286934&Mask=4,False,False
13,"InChI=1S/C13H28/c1-5-7-9-10-12-13(3,4)11-8-6-2/h5-12H2,1-4H3","Undecane, 5,5-dimethyl-",C17312731,False,False,False,False,False,False,,,,,https://webbook.nist.gov/cgi/cbook.cgi?ID=C17312731&Mask=4,False,False
13,"InChI=1S/C13H28/c1-4-7-8-9-10-11-12-13(5-2)6-3/h13H,4-12H2,1-3H3","Undecane, 3-ethyl-",C17312582,False,False,False,False,False,False,,,,,https://webbook.nist.gov/cgi/cbook.cgi?ID=C17312582&Mask=4,False,False
13,"InChI=1S/C13H28/c1-5-7-10-13(6-2)11-8-9-12(3)4/h12-13H,5-11H2,1-4H3","Decane, 6-ethyl-2-methyl-",C62108218,False,False,False,False,False,False,,,,,https://webbook.nist.gov/cgi/cbook.cgi?ID=C62108218&Mask=4,False,False
13,"InChI=1S/C13H28/c1-5-8-12(3)10-7-11-13(4)9-6-2/h12-13H,5-11H2,1-4H3","Undecane, 4,8-dimethyl-",C17301336,False,False,False,False,False,False,,,,,https://webbook.nist.gov/cgi/cbook.cgi?ID=C17301336&Mask=4,False,False
13,"InChI=1S/C13H28/c1-5-7-9-11-13(3,4)12-10-8-6-2/h5-12H2,1-4H3","Undecane, 6,6-dimethyl-",C17312764,False,False,False,False,False,False,,,,,https://webbook.nist.gov/cgi/cbook.cgi?ID=C17312764&Mask=4,False,False
13,"InChI=1S/C13H28/c1-5-7-8-9-10-12-13(3,4)11-6-2/h5-12H2,1-4H3","Undecane, 4,4-dimethyl-",C17312684,False,False,False,False,False,False,,,,,https://webbook.nist.gov/cgi/cbook.cgi?ID=C17312684&Mask=4,False,False
13,"InChI=1S/C13H28/c1-5-9-13(4)11-8-7-10-12(3)6-2/h12-13H,5-11H2,1-4H3","Undecane, 3,8-dimethyl-",C17301303,False,False,False,False,False,False,,,,,https://webbook.nist.gov/cgi/cbook.cgi?ID=C17301303&Mask=4,False,False
13,"InChI=1S/C13H28/c1-4-7-10-13(11-8-5-2)12-9-6-3/h13H,4-12H2,1-3H3","Nonane, 5-butyl-",C17312639,False,False,False,False,False,False,,,,,https://webbook.nist.gov/cgi/cbook.cgi?ID=C17312639&Mask=4,False,False
13,"InChI=1S/C13H28/c1-5-9-13(10-6-2,11-7-3)12-8-4/h5-12H2,1-4H3","4,4-Dipropylheptane",C17312720,False,False,False,False,False,False,,,,,https://webbook.nist.gov/cgi/cbook.cgi?ID=C17312720&Mask=4,False,False
13,"InChI=1S/C13H28/c1-6-7-8-12(4)10-13(5)9-11(2)3/h11-13H,6-10H2,1-5H3","Decane, 2,4,6-trimethyl-",C62108274,False,False,False,False,False,False,,,,,https://webbook.nist.gov/cgi/cbook.cgi?ID=C62108274&Mask=4,False,False
13,"InChI=1S/C13H28/c1-4-7-8-9-10-12-13(6-3)11-5-2/h13H,4-12H2,1-3H3","Undecane, 4-ethyl-",C17312593,True,False,False,False,False,False,,,,497.6,https://webbook.nist.gov/cgi/cbook.cgi?ID=C17312593&Mask=4,False,False
13,"InChI=1S/C13H28/c1-7-12(5,8-2)11-13(6,9-3)10-4/h7-11H2,1-6H3","3,5-Dimethyl-3,5-diethylheptane",C74286945,False,False,False,False,False,False,,,,,https://webbook.nist.gov/cgi/cbook.cgi?ID=C74286945&Mask=4,False,False
13,"InChI=1S/C13H28/c1-6-7-8-9-10-12(4)13(5)11(2)3/h11-13H,6-10H2,1-5H3","Decane, 2,3,4-trimethyl-",C62238157,False,False,False,False,False,False,,,,,https://webbook.nist.gov/cgi/cbook.cgi?ID=C62238157&Mask=4,False,False
13,"InChI=1S/C13H28/c1-4-7-9-11-13(6-3)12-10-8-5-2/h13H,4-12H2,1-3H3","Undecane, 6-ethyl-",C17312606,False,False,False,False,False,False,,,,,https://webbook.nist.gov/cgi/cbook.cgi?ID=C17312606&Mask=4,False,False
13,"InChI=1S/C13H28/c1-6-8-12(4)13(5)10-7-9-11(2)3/h11-13H,6-10H2,1-5H3","Decane, 2,6,7-trimethyl-",C62108252,False,False,False,False,False,False,,,,,https://webbook.nist.gov/cgi/cbook.cgi?ID=C62108252&Mask=4,False,False
13,"InChI=1S/C13H28/c1-5-8-10-13(9-6-2)11-12(4)7-3/h12-13H,5-11H2,1-4H3","Nonane, 3-methyl-5-propyl-",C31081182,False,False,False,False,False,False,,,,,https://webbook.nist.gov/cgi/cbook.cgi?ID=C31081182&Mask=4,False,False
13,"InChI=1S/C13H28/c1-4-7-9-10-12-13(6-3)11-8-5-2/h13H,4-12H2,1-3H3","Undecane, 5-ethyl-",C17453940,False,False,False,False,False,False,,,,,https://webbook.nist.gov/cgi/cbook.cgi?ID=C17453940&Mask=4,False,False
13,"InChI=1S/C13H28/c1-6-12(4)10-13(5)9-7-8-11(2)3/h11-13H,6-10H2,1-5H3","Decane, 2,6,8-trimethyl-",C62108263,False,False,False,False,False,False,,,,,https://webbook.nist.gov/cgi/cbook.cgi?ID=C62108263&Mask=4,False,False
13,"InChI=1S/C13H28/c1-6-8-12(4)9-7-10-13(5)11(2)3/h11-13H,6-10H2,1-5H3","Decane, 2,3,7-trimethyl-",C62238135,False,False,False,False,False,False,,,,,https://webbook.nist.gov/cgi/cbook.cgi?ID=C62238135&Mask=4,False,False
13,"InChI=1S/C13H28/c1-11(2)7-6-8-13(5)10-9-12(3)4/h11-13H,6-10H2,1-5H3","Decane, 2,5,9-trimethyl-",C62108229,True,False,False,False,False,False,,,,484.25,https://webbook.nist.gov/cgi/cbook.cgi?ID=C62108229&Mask=4,False,False
13,"InChI=1S/C13H28/c1-5-9-10-11-12-13(6-2,7-3)8-4/h5-12H2,1-4H3","nonane, 3,3-diethyl-",C17312673,True,False,False,False,False,False,,,,495.25,https://webbook.nist.gov/cgi/cbook.cgi?ID=C17312673&Mask=4,False,False
13,"InChI=1S/C13H28/c1-4-7-8-9-12-13(10-5-2)11-6-3/h13H,4-12H2,1-3H3",4-propyldecane,C17312617,False,False,False,False,False,False,,,,,https://webbook.nist.gov/cgi/cbook.cgi?ID=C17312617&Mask=4,False,False
13,"InChI=1S/C13H28/c1-8-11(3)10-13(7,9-2)12(4,5)6/h11H,8-10H2,1-7H3","3-ethyl-2,2,3,5-tetramethylheptane",C100798683,False,False,False,False,False,False,,,,,https://webbook.nist.gov/cgi/cbook.cgi?ID=C100798683&Mask=4,False,False
13,"InChI=1S/C13H28/c1-10(2)12(5,6)9-13(7,8)11(3)4/h10-11H,9H2,1-8H3","2,3,3,5,5,6-hexamethylheptane",C100798694,False,False,False,False,False,False,,,,,https://webbook.nist.gov/cgi/cbook.cgi?ID=C100798694&Mask=4,False,False
13,"InChI=1S/C13H28/c1-8-9-12(4,5)10-13(6,7)11(2)3/h11H,8-10H2,1-7H3","2,3,3,5,5-pentamethyloctane",C107625616,False,False,False,False,False,False,,,,,https://webbook.nist.gov/cgi/cbook.cgi?ID=C107625616&Mask=4,False,False
13,"InChI=1S/C13H28/c1-6-7-8-9-10-11-12(2)13(3,4)5/h12H,6-11H2,1-5H3","Decane, 2,2,3-trimethyl-",C62338094,False,False,False,False,False,False,,,,,https://webbook.nist.gov/cgi/cbook.cgi?ID=C62338094&Mask=4,False,False
13,"InChI=1S/C13H28/c1-5-8-10-12-13(4,7-3)11-9-6-2/h5-12H2,1-4H3","Decane, 5-ethyl-5-methyl-",C17312742,False,False,False,False,False,False,,,,,https://webbook.nist.gov/cgi/cbook.cgi?ID=C17312742&Mask=4,False,False
13,"InChI=1S/C13H28/c1-5-12(6-2)10-9-11-13(7-3)8-4/h12-13H,5-11H2,1-4H3","nonane, 3,7-diethyl-",C13286709,False,False,False,False,False,False,,,,,https://webbook.nist.gov/cgi/cbook.cgi?ID=C13286709&Mask=4,False,False
13,"InChI=1S/C13H28/c1-5-9-11-13(7-3,8-4)12-10-6-2/h5-12H2,1-4H3","5,5-diethylnonane",C6414977,False,False,False,False,False,False,,,,,https://webbook.nist.gov/cgi/cbook.cgi?ID=C6414977&Mask=4,False,False
13,"InChI=1S/C13H28/c1-6-7-8-9-12(4)10-13(5)11(2)3/h11-13H,6-10H2,1-5H3","Decane, 2,3,5-trimethyl-",C62238113,False,False,False,False,False,False,,,,,https://webbook.nist.gov/cgi/cbook.cgi?ID=C62238113&Mask=4,False,False
13,"InChI=1S/C13H28/c1-6-12(2)10-8-7-9-11-13(3,4)5/h12H,6-11H2,1-5H3","Decane, 2,2,8-trimethyl-",C62238011,False,False,False,False,False,False,,,,,https://webbook.nist.gov/cgi/cbook.cgi?ID=C62238011&Mask=4,False,False
13,"InChI=1S/C13H28/c1-4-7-9-12-13(10-6-3)11-8-5-2/h13H,4-12H2,1-3H3","Decane, 5-propyl-",C17312628,False,False,False,False,False,False,,,,,https://webbook.nist.gov/cgi/cbook.cgi?ID=C17312628&Mask=4,False,False
14,"InChI=1S/C14H30/c1-3-5-7-9-11-13-14-12-10-8-6-4-2/h3-14H2,1-2H3",Tetradecane,C629594,True,True,False,True,False,True,71.6 ± 0.6 (AVG; N/A),,"Sunner and Svensson, 1979 | Viton, Chavret, et al., 1996",523. ± 10.,https://webbook.nist.gov/cgi/cbook.cgi?ID=C629594&Mask=4,False,False
14,"InChI=1S/C14H30/c1-4-6-7-8-9-10-11-12-13-14(3)5-2/h14H,4-13H2,1-3H3","Tridecane, 3-methyl-",C6418413,False,False,False,False,False,False,,,,,https://webbook.nist.gov/cgi/cbook.cgi?ID=C6418413&Mask=4,False,False
14,"InChI=1S/C14H30/c1-4-5-6-7-8-9-10-11-12-13-14(2)3/h14H,4-13H2,1-3H3","Tridecane, 2-methyl-",C1560969,False,False,False,False,False,False,,,,,https://webbook.nist.gov/cgi/cbook.cgi?ID=C1560969&Mask=4,False,False
14,"InChI=1S/C14H30/c1-4-6-7-8-9-10-11-13-14(3)12-5-2/h14H,4-13H2,1-3H3","Tridecane, 4-methyl-",C26730121,False,False,False,False,False,False,,,,,https://webbook.nist.gov/cgi/cbook.cgi?ID=C26730121&Mask=4,False,False
14,"InChI=1S/C14H30/c1-4-6-8-10-12-14(3)13-11-9-7-5-2/h14H,4-13H2,1-3H3","Tridecane, 7-methyl-",C26730143,False,False,False,False,False,False,,,,,https://webbook.nist.gov/cgi/cbook.cgi?ID=C26730143&Mask=4,False,False
14,"InChI=1S/C14H30/c1-4-6-8-9-10-11-13-14(3)12-7-5-2/h14H,4-13H2,1-3H3","Tridecane, 5-methyl-",C25117311,False,False,False,False,False,False,,,,,https://webbook.nist.gov/cgi/cbook.cgi?ID=C25117311&Mask=4,False,False
14,"InChI=1S/C14H30/c1-4-6-8-9-11-13-14(3)12-10-7-5-2/h14H,4-13H2,1-3H3","Tridecane, 6-methyl-",C13287213,False,False,False,False,False,False,,,,,https://webbook.nist.gov/cgi/cbook.cgi?ID=C13287213&Mask=4,False,False
14,"InChI=1S/C14H30/c1-7-13(8-2,9-3)14(10-4,11-5)12-6/h7-12H2,1-6H3","Hexane, 3,3,4,4-tetraethyl-",C5171868,False,True,False,False,False,False,"63.9 ± 1.2 (V; Verevkin, Nolke, et al., 1997) | 63.9 ± 1.2 (GS; Verevkin, Nolke, et al., 1997) | 65.0 ± 1.2 (N/A; Beckhaus and Rüchardt, 1973)",,,,https://webbook.nist.gov/cgi/cbook.cgi?ID=C5171868&Mask=4,True,False
14,"InChI=1S/C14H30/c1-5-6-7-8-9-10-11-12-14(4)13(2)3/h13-14H,5-12H2,1-4H3","2,3-Dimethyldodecane",C6117982,False,False,False,False,False,False,,,,,https://webbook.nist.gov/cgi/cbook.cgi?ID=C6117982&Mask=4,False,False
14,"InChI=1S/C14H30/c1-5-9-13(10-6-2)14(11-7-3)12-8-4/h13-14H,5-12H2,1-4H3","Octane, 4,5-dipropyl-",C20905059,True,False,False,False,False,False,,,,493.,https://webbook.nist.gov/cgi/cbook.cgi?ID=C20905059&Mask=4,False,False
14,"InChI=1S/C14H30/c1-5-7-8-9-11-14(4)12-13(3)10-6-2/h13-14H,5-12H2,1-4H3","Dodecane, 4,6-dimethyl-",C61141728,False,False,False,False,False,False,,,,,https://webbook.nist.gov/cgi/cbook.cgi?ID=C61141728&Mask=4,False,False
14,"InChI=1S/C14H30/c1-5-6-7-8-9-10-11-14(4)12-13(2)3/h13-14H,5-12H2,1-4H3","2,4-Dimethyldodecane",C6117993,False,False,False,False,False,False,,,,,https://webbook.nist.gov/cgi/cbook.cgi?ID=C6117993&Mask=4,False,False
14,"InChI=1S/C14H30/c1-7-12(4)8-9-13(5)10-14(6)11(2)3/h11-14H,7-10H2,1-6H3","Decane, 2,3,5,8-tetramethyl-",C192823157,False,False,False,False,False,False,,,,,https://webbook.nist.gov/cgi/cbook.cgi?ID=C192823157&Mask=4,False,False
14,"InChI=1S/C14H30/c1-5-7-8-9-10-11-14(4)12-13(3)6-2/h13-14H,5-12H2,1-4H3","3,5-Dimethyldodecane",C107770990,False,False,False,False,False,False,,,,,https://webbook.nist.gov/cgi/cbook.cgi?ID=C107770990&Mask=4,False,False
14,"InChI=1S/C14H30/c1-11(2)9-13(5,6)14(7,8)10-12(3)4/h11-12H,9-10H2,1-8H3","2,4,4,5,5,7-hexamethyloctane",C76426523,True,False,False,False,False,False,,,,490.,https://webbook.nist.gov/cgi/cbook.cgi?ID=C76426523&Mask=4,False,False
14,"InChI=1S/C14H30/c1-13(2)11-9-7-5-6-8-10-12-14(3)4/h13-14H,5-12H2,1-4H3","2,11-dimethyldodecane",C13286710,False,False,False,False,False,False,,,,,https://webbook.nist.gov/cgi/cbook.cgi?ID=C13286710&Mask=4,False,False
14,"InChI=1S/C14H30/c1-5-6-7-8-9-10-14(4)12-11-13(2)3/h13-14H,5-12H2,1-4H3","Dodecane, 2,5-dimethyl-",C56292650,False,False,False,False,False,False,,,,,https://webbook.nist.gov/cgi/cbook.cgi?ID=C56292650&Mask=4,False,False
14,"InChI=1S/C14H30/c1-11(12(2,3)4)10-14(8,9)13(5,6)7/h11H,10H2,1-9H3","Heptane, 2,2,3,3,5,6,6-heptamethyl-",C7225674,False,False,False,False,False,False,,,,,https://webbook.nist.gov/cgi/cbook.cgi?ID=C7225674&Mask=4,False,False
14,"InChI=1S/C14H30/c1-13(2,3)11-9-7-8-10-12-14(4,5)6/h7-12H2,1-6H3","2,2,9,9-tetramethyldecane",C5932887,False,False,False,False,False,False,,,,,https://webbook.nist.gov/cgi/cbook.cgi?ID=C5932887&Mask=4,False,False
14,"InChI=1S/C14H30/c1-5-6-7-8-9-10-11-12-13-14(2,3)4/h5-13H2,1-4H3","dodecane, 2,2-dimethyl-",C49598541,False,False,False,False,False,False,,,,,https://webbook.nist.gov/cgi/cbook.cgi?ID=C49598541&Mask=4,False,False
14,"InChI=1S/C14H30/c1-9-11(13(3,4)5)12(10-2)14(6,7)8/h11-12H,9-10H2,1-8H3","Hexane, 3,4-diethyl-2,2,5,5-tetramethyl-, (R*,R*)-(+/-)-",C112655342,False,False,False,False,False,False,,,,,https://webbook.nist.gov/cgi/cbook.cgi?ID=C112655342&Mask=4,False,False
15,"InChI=1S/C15H32/c1-3-5-7-9-11-13-15-14-12-10-8-6-4-2/h3-15H2,1-2H3",Pentadecane,C629629,True,True,False,True,False,True,76.1 ± 0.8 (AVG; N/A),,"Sunner and Svensson, 1979 | Viton, Chavret, et al., 1996",540. ± 20.,https://webbook.nist.gov/cgi/cbook.cgi?ID=C629629&Mask=4,False,False
15,"InChI=1S/C15H32/c1-6-14(4)10-8-12-15(5)11-7-9-13(2)3/h13-15H,6-12H2,1-5H3","Dodecane, 2,6,10-trimethyl-",C3891983,True,False,False,False,False,False,,,,525.1,https://webbook.nist.gov/cgi/cbook.cgi?ID=C3891983&Mask=4,False,False
15,"InChI=1S/C15H32/c1-4-5-6-7-8-9-10-11-12-13-14-15(2)3/h15H,4-14H2,1-3H3","Tetradecane, 2-methyl-",C1560958,False,False,False,False,False,False,,,,,https://webbook.nist.gov/cgi/cbook.cgi?ID=C1560958&Mask=4,False,False
15,"InChI=1S/C15H32/c1-4-6-7-8-9-10-11-12-13-14-15(3)5-2/h15H,4-14H2,1-3H3","Tetradecane, 3-methyl-",C18435228,False,False,False,False,False,False,,,,,https://webbook.nist.gov/cgi/cbook.cgi?ID=C18435228&Mask=4,False,False
15,"InChI=1S/C15H32/c1-4-6-7-8-9-10-11-12-14-15(3)13-5-2/h15H,4-14H2,1-3H3","Tetradecane, 4-methyl-",C25117242,False,False,False,False,False,False,,,,,https://webbook.nist.gov/cgi/cbook.cgi?ID=C25117242&Mask=4,False,False
15,"InChI=1S/C15H32/c1-4-6-8-9-10-11-12-14-15(3)13-7-5-2/h15H,4-14H2,1-3H3","Tetradecane, 5-methyl-",C25117322,False,False,False,False,False,False,,,,,https://webbook.nist.gov/cgi/cbook.cgi?ID=C25117322&Mask=4,False,False
15,"InChI=1S/C15H32/c1-4-6-8-10-12-14-15(3)13-11-9-7-5-2/h15H,4-14H2,1-3H3","Tetradecane, 7-methyl",C6165395,False,False,False,False,False,False,,,,,https://webbook.nist.gov/cgi/cbook.cgi?ID=C6165395&Mask=4,False,False
15,"InChI=1S/C15H32/c1-7-9-11-14(3,4)13-15(5,6)12-10-8-2/h7-13H2,1-6H3","5,5,7,7-Tetramethylundecane",C74286956,False,False,False,False,False,False,,,,,https://webbook.nist.gov/cgi/cbook.cgi?ID=C74286956&Mask=4,False,False
15,"InChI=1S/C15H32/c1-5-7-8-11-15(4)13-9-12-14(3)10-6-2/h14-15H,5-13H2,1-4H3","Tridecane, 4,8-dimethyl-",C55030621,False,False,False,False,False,False,,,,,https://webbook.nist.gov/cgi/cbook.cgi?ID=C55030621&Mask=4,False,False
15,"InChI=1S/C15H32/c1-4-7-8-9-10-11-12-13-14-15(5-2)6-3/h15H,4-14H2,1-3H3","Tridecane, 3-ethyl-",C13286732,False,False,False,False,False,False,,,,,https://webbook.nist.gov/cgi/cbook.cgi?ID=C13286732&Mask=4,False,False
15,"InChI=1S/C15H32/c1-13(2)9-6-7-11-15(5)12-8-10-14(3)4/h13-15H,6-12H2,1-5H3","Dodecane, 2,6,11-trimethyl-",C31295564,False,False,False,False,False,False,,,,,https://webbook.nist.gov/cgi/cbook.cgi?ID=C31295564&Mask=4,False,False
15,"InChI=1S/C15H32/c1-7-11-14(5,9-3)13-15(6,10-4)12-8-2/h7-13H2,1-6H3","4,6-Diethyl-4,6-dimethylnonane",C74286967,False,False,False,False,False,False,,,,,https://webbook.nist.gov/cgi/cbook.cgi?ID=C74286967&Mask=4,False,False
15,"InChI=1S/C15H32/c1-5-6-7-8-9-10-11-12-13-15(4)14(2)3/h14-15H,5-13H2,1-4H3","2,3-Dimethyltridecane",C18435206,False,False,False,False,False,False,,,,,https://webbook.nist.gov/cgi/cbook.cgi?ID=C18435206&Mask=4,False,False
15,"InChI=1S/C15H32/c1-4-6-8-9-10-12-14-15(3)13-11-7-5-2/h15H,4-14H2,1-3H3",6-methyltetradecane,C26730165,False,False,False,False,False,False,,,,,https://webbook.nist.gov/cgi/cbook.cgi?ID=C26730165&Mask=4,False,False
15,"InChI=1S/C15H32/c1-5-14(6-2)12-10-9-11-13-15(7-3)8-4/h14-15H,5-13H2,1-4H3","3,9-diethylundecane",C13286721,False,False,False,False,False,False,,,,,https://webbook.nist.gov/cgi/cbook.cgi?ID=C13286721&Mask=4,False,False
15,"InChI=1S/C15H32/c1-5-6-7-8-9-10-11-15(4)13-12-14(2)3/h14-15H,5-13H2,1-4H3","Tridecane, 2,5-dimethyl-",C56292661,False,False,False,False,False,False,,,,,https://webbook.nist.gov/cgi/cbook.cgi?ID=C56292661&Mask=4,False,False
15,"InChI=1S/C15H32/c1-5-7-9-11-14(3)13-15(4)12-10-8-6-2/h14-15H,5-13H2,1-4H3","6,8-dimethyltridecane",C31039040,False,False,False,False,False,False,,,,,https://webbook.nist.gov/cgi/cbook.cgi?ID=C31039040&Mask=4,False,False
16,"InChI=1S/C16H34/c1-3-5-7-9-11-13-15-16-14-12-10-8-6-4-2/h3-16H2,1-2H3",Hexadecane,C544763,True,True,False,True,False,False,81.3 ± 0.6 (AVG; N/A),,,554. ± 10.,https://webbook.nist.gov/cgi/cbook.cgi?ID=C544763&Mask=4,False,False
16,"InChI=1S/C16H34/c1-4-6-7-8-9-10-11-12-13-14-15-16(3)5-2/h16H,4-15H2,1-3H3","Pentadecane, 3-methyl-",C2882964,True,False,False,False,False,False,,,,539.5,https://webbook.nist.gov/cgi/cbook.cgi?ID=C2882964&Mask=4,False,False
16,"InChI=1S/C16H34/c1-6-9-15(4)12-8-13-16(5)11-7-10-14(2)3/h14-16H,6-13H2,1-5H3","2,6,10-Trimethyltridecane",C3891994,False,False,False,False,False,False,,,,,https://webbook.nist.gov/cgi/cbook.cgi?ID=C3891994&Mask=4,False,False
16,"InChI=1S/C16H34/c1-4-5-6-7-8-9-10-11-12-13-14-15-16(2)3/h16H,4-15H2,1-3H3","Pentadecane, 2-methyl-",C1560936,False,False,False,False,False,False,,,,,https://webbook.nist.gov/cgi/cbook.cgi?ID=C1560936&Mask=4,False,False
16,"InChI=1S/C16H34/c1-13(10-14(2,3)4)11-16(8,9)12-15(5,6)7/h13H,10-12H2,1-9H3","Nonane, 2,2,4,4,6,8,8-heptamethyl-",C4390049,True,False,False,False,False,False,,,,513.2,https://webbook.nist.gov/cgi/cbook.cgi?ID=C4390049&Mask=4,False,False
16,"InChI=1S/C16H34/c1-4-6-8-9-10-11-13-15-16(3)14-12-7-5-2/h16H,4-15H2,1-3H3","Pentadecane, 6-methyl-",C10105381,False,False,False,False,False,False,,,,,https://webbook.nist.gov/cgi/cbook.cgi?ID=C10105381&Mask=4,False,False
16,"InChI=1S/C16H34/c1-4-6-8-9-10-11-12-13-15-16(3)14-7-5-2/h16H,4-15H2,1-3H3","Pentadecane, 5-methyl-",C25117333,False,False,False,False,False,False,,,,,https://webbook.nist.gov/cgi/cbook.cgi?ID=C25117333&Mask=4,False,False
16,"InChI=1S/C16H34/c1-4-6-7-8-9-10-11-12-13-15-16(3)14-5-2/h16H,4-15H2,1-3H3","Pentadecane, 4-methyl-",C2801878,False,False,False,False,False,False,,,,,https://webbook.nist.gov/cgi/cbook.cgi?ID=C2801878&Mask=4,False,False
16,"InChI=1S/C16H34/c1-4-6-8-10-11-13-15-16(3)14-12-9-7-5-2/h16H,4-15H2,1-3H3","Pentadecane, 7-methyl-",C6165408,False,False,False,False,False,False,,,,,https://webbook.nist.gov/cgi/cbook.cgi?ID=C6165408&Mask=4,False,False
16,"InChI=1S/C16H34/c1-5-7-9-11-13-15(3)16(4)14-12-10-8-6-2/h15-16H,5-14H2,1-4H3","7,8-dimethyltetradecane",C2801867,True,False,False,False,False,False,,,,543.,https://webbook.nist.gov/cgi/cbook.cgi?ID=C2801867&Mask=4,False,False
16,"InChI=1S/C16H34/c1-5-11-15(3)13-9-7-8-10-14-16(4)12-6-2/h15-16H,5-14H2,1-4H3","Tetradecane, 4,11-dimethyl-",C55045120,False,False,False,False,False,False,,,,,https://webbook.nist.gov/cgi/cbook.cgi?ID=C55045120&Mask=4,False,False
16,"InChI=1S/C16H34/c1-4-7-9-11-14-16(13-6-3)15-12-10-8-5-2/h16H,4-15H2,1-3H3","Tridecane, 7-propyl-",C55045095,False,False,False,False,False,False,,,,,https://webbook.nist.gov/cgi/cbook.cgi?ID=C55045095&Mask=4,False,False
16,"InChI=1S/C16H34/c1-4-7-9-10-12-15-16(13-6-3)14-11-8-5-2/h16H,4-15H2,1-3H3","Tridecane, 6-propyl-",C55045108,False,False,False,False,False,False,,,,,https://webbook.nist.gov/cgi/cbook.cgi?ID=C55045108&Mask=4,False,False
16,"InChI=1S/C16H34/c1-4-7-9-10-11-12-15-16(13-6-3)14-8-5-2/h16H,4-15H2,1-3H3","Tridecane, 5-propyl-",C55045119,False,False,False,False,False,False,,,,,https://webbook.nist.gov/cgi/cbook.cgi?ID=C55045119&Mask=4,False,False
16,"InChI=1S/C16H34/c1-5-6-7-8-9-10-11-12-13-14-15-16(2,3)4/h5-15H2,1-4H3","Tetradecane, 2,2-dimethyl-",C59222865,False,False,False,False,False,False,,,,,https://webbook.nist.gov/cgi/cbook.cgi?ID=C59222865&Mask=4,False,False
16,"InChI=1S/C16H34/c1-4-7-8-9-10-11-12-13-15-16(6-3)14-5-2/h16H,4-15H2,1-3H3","Tetradecane, 4-ethyl-",C55045142,False,False,False,False,False,False,,,,,https://webbook.nist.gov/cgi/cbook.cgi?ID=C55045142&Mask=4,False,False
16,"InChI=1S/C16H34/c1-5-9-13-15(11-7-3)16(12-8-4)14-10-6-2/h15-16H,5-14H2,1-4H3","Decane, 5,6-dipropyl-",C119209200,False,False,False,False,False,False,,,,,https://webbook.nist.gov/cgi/cbook.cgi?ID=C119209200&Mask=4,False,False
16,"InChI=1S/C16H34/c1-5-9-11-12-15-16(8-4,13-7-3)14-10-6-2/h5-15H2,1-4H3","Undecane, 5-ethyl-5-propyl-",C2755079,False,False,False,False,False,False,,,,,https://webbook.nist.gov/cgi/cbook.cgi?ID=C2755079&Mask=4,False,False
16,"InChI=1S/C16H34/c1-5-9-11-15(7-3)13-14-16(8-4)12-10-6-2/h15-16H,5-14H2,1-4H3","Dodecane, 5,8-diethyl-",C24251863,False,False,False,False,False,False,,,,,https://webbook.nist.gov/cgi/cbook.cgi?ID=C24251863&Mask=4,False,False
16,"InChI=1S/C16H34/c1-7-9-10-15(8-2)16(11-13(3)4)12-14(5)6/h13-16H,7-12H2,1-6H3",5-ethyl-4-isobutyl-2-methylnonane,C101432900,False,False,False,False,False,False,,,,,https://webbook.nist.gov/cgi/cbook.cgi?ID=C101432900&Mask=4,False,False
16,"InChI=1S/C16H34/c1-5-6-7-8-9-10-11-12-13-14-16(4)15(2)3/h15-16H,5-14H2,1-4H3","2,3-Dimethyltetradecane",C18435239,False,False,False,False,False,False,,,,,https://webbook.nist.gov/cgi/cbook.cgi?ID=C18435239&Mask=4,False,False
16,"InChI=1S/C16H34/c1-6-9-12-16(15(4)5,13-10-7-2)14-11-8-3/h15H,6-14H2,1-5H3",5-butyl-5-(1-methylethyl)nonane,C500018611,False,False,False,False,False,False,,,,,https://webbook.nist.gov/cgi/cbook.cgi?ID=C500018611&Mask=4,False,False
16,"InChI=1S/C16H34/c1-5-9-13-16(12-8-4,14-10-6-2)15-11-7-3/h5-15H2,1-4H3",5-butyl-5-propylnonane,C500018600,False,False,False,False,False,False,,,,,https://webbook.nist.gov/cgi/cbook.cgi?ID=C500018600&Mask=4,False,False
16,"InChI=1S/C16H34/c1-4-6-8-10-12-14-16(3)15-13-11-9-7-5-2/h16H,4-15H2,1-3H3",8-methylpentadecane,C22306281,False,False,False,False,False,False,,,,,https://webbook.nist.gov/cgi/cbook.cgi?ID=C22306281&Mask=4,False,False
16,"InChI=1S/C16H34/c1-5-6-7-8-9-10-11-12-16(4)14-13-15(2)3/h15-16H,5-14H2,1-4H3","Tetradecane, 2,5-dimethyl-",C56292694,False,False,False,False,False,False,,,,,https://webbook.nist.gov/cgi/cbook.cgi?ID=C56292694&Mask=4,False,False
16,"InChI=1S/C16H34/c1-5-8-10-11-13-15-16(4,7-3)14-12-9-6-2/h5-15H2,1-4H3",6-ethyl-6-methyltridecane,C500018542,False,False,False,False,False,False,,,,,https://webbook.nist.gov/cgi/cbook.cgi?ID=C500018542&Mask=4,False,False
16,"InChI=1S/C16H34/c1-6-15(4)11-7-8-12-16(5)13-9-10-14(2)3/h14-16H,6-13H2,1-5H3","2,6,11-trimethyltridecane",C2883047,False,False,False,False,False,False,,,,,https://webbook.nist.gov/cgi/cbook.cgi?ID=C2883047&Mask=4,False,False
16,"InChI=1S/C16H34/c1-15(2)13-11-9-7-5-6-8-10-12-14-16(3)4/h15-16H,5-14H2,1-4H3","2,13-dimethyltetradecane",C20351217,False,False,False,False,False,False,,,,,https://webbook.nist.gov/cgi/cbook.cgi?ID=C20351217&Mask=4,False,False
16,"InChI=1S/C16H34/c1-5-7-9-11-15(3)13-14-16(4)12-10-8-6-2/h15-16H,5-14H2,1-4H3","Tetradecane, 6,9-dimethyl-",C55045131,False,False,False,False,False,False,,,,,https://webbook.nist.gov/cgi/cbook.cgi?ID=C55045131&Mask=4,False,False
16,"InChI=1S/C16H34/c1-4-7-10-13-16(14-11-8-5-2)15-12-9-6-3/h16H,4-15H2,1-3H3",6-pentylundecane,C7249323,False,False,False,False,False,False,,,,,https://webbook.nist.gov/cgi/cbook.cgi?ID=C7249323&Mask=4,False,False
